
libatmegacpp.elf:     file format elf32-avr

Sections:
Idx Name          Size      VMA       LMA       File off  Algn
  0 .data         0000018c  00800100  0000200e  000020a2  2**0
                  CONTENTS, ALLOC, LOAD, DATA
  1 .text         0000200e  00000000  00000000  00000094  2**1
                  CONTENTS, ALLOC, LOAD, READONLY, CODE
  2 .bss          0000004c  0080028c  0080028c  0000222e  2**0
                  ALLOC
  3 .comment      00000030  00000000  00000000  0000222e  2**0
                  CONTENTS, READONLY
  4 .note.gnu.avr.deviceinfo 00000040  00000000  00000000  00002260  2**2
                  CONTENTS, READONLY
  5 .debug_aranges 00000530  00000000  00000000  000022a0  2**0
                  CONTENTS, READONLY, DEBUGGING
  6 .debug_info   000087c7  00000000  00000000  000027d0  2**0
                  CONTENTS, READONLY, DEBUGGING
  7 .debug_abbrev 00002a69  00000000  00000000  0000af97  2**0
                  CONTENTS, READONLY, DEBUGGING
  8 .debug_line   000029bc  00000000  00000000  0000da00  2**0
                  CONTENTS, READONLY, DEBUGGING
  9 .debug_frame  00000efc  00000000  00000000  000103bc  2**2
                  CONTENTS, READONLY, DEBUGGING
 10 .debug_str    000038b9  00000000  00000000  000112b8  2**0
                  CONTENTS, READONLY, DEBUGGING
 11 .debug_loc    00003d4f  00000000  00000000  00014b71  2**0
                  CONTENTS, READONLY, DEBUGGING
 12 .debug_ranges 000004a0  00000000  00000000  000188c0  2**0
                  CONTENTS, READONLY, DEBUGGING

Disassembly of section .text:

00000000 <__vectors>:
       0:	0c 94 38 00 	jmp	0x70	; 0x70 <__dtors_end>
       4:	0c 94 60 00 	jmp	0xc0	; 0xc0 <__bad_interrupt>
       8:	0c 94 60 00 	jmp	0xc0	; 0xc0 <__bad_interrupt>
       c:	0c 94 ec 04 	jmp	0x9d8	; 0x9d8 <__vector_3>
      10:	0c 94 14 05 	jmp	0xa28	; 0xa28 <__vector_4>
      14:	0c 94 3c 05 	jmp	0xa78	; 0xa78 <__vector_5>
      18:	0c 94 60 00 	jmp	0xc0	; 0xc0 <__bad_interrupt>
      1c:	0c 94 60 00 	jmp	0xc0	; 0xc0 <__bad_interrupt>
      20:	0c 94 60 00 	jmp	0xc0	; 0xc0 <__bad_interrupt>
      24:	0c 94 7b 08 	jmp	0x10f6	; 0x10f6 <__vector_9>
      28:	0c 94 60 00 	jmp	0xc0	; 0xc0 <__bad_interrupt>
      2c:	0c 94 56 08 	jmp	0x10ac	; 0x10ac <__vector_11>
      30:	0c 94 60 00 	jmp	0xc0	; 0xc0 <__bad_interrupt>
      34:	0c 94 60 00 	jmp	0xc0	; 0xc0 <__bad_interrupt>
      38:	0c 94 60 00 	jmp	0xc0	; 0xc0 <__bad_interrupt>
      3c:	0c 94 60 00 	jmp	0xc0	; 0xc0 <__bad_interrupt>
      40:	0c 94 31 08 	jmp	0x1062	; 0x1062 <__vector_16>
      44:	0c 94 60 00 	jmp	0xc0	; 0xc0 <__bad_interrupt>
      48:	0c 94 60 00 	jmp	0xc0	; 0xc0 <__bad_interrupt>
      4c:	0c 94 60 00 	jmp	0xc0	; 0xc0 <__bad_interrupt>
      50:	0c 94 60 00 	jmp	0xc0	; 0xc0 <__bad_interrupt>
      54:	0c 94 60 00 	jmp	0xc0	; 0xc0 <__bad_interrupt>
      58:	0c 94 60 00 	jmp	0xc0	; 0xc0 <__bad_interrupt>
      5c:	0c 94 60 00 	jmp	0xc0	; 0xc0 <__bad_interrupt>
      60:	0c 94 60 00 	jmp	0xc0	; 0xc0 <__bad_interrupt>
      64:	0c 94 60 00 	jmp	0xc0	; 0xc0 <__bad_interrupt>

00000068 <__ctors_start>:
      68:	6e 05       	cpc	r22, r14
      6a:	aa 08       	sbc	r10, r10

0000006c <__ctors_end>:
      6c:	75 05       	cpc	r23, r5
      6e:	b1 08       	sbc	r11, r1

00000070 <__dtors_end>:
      70:	11 24       	eor	r1, r1
      72:	1f be       	out	0x3f, r1	; 63
      74:	cf ef       	ldi	r28, 0xFF	; 255
      76:	d8 e0       	ldi	r29, 0x08	; 8
      78:	de bf       	out	0x3e, r29	; 62
      7a:	cd bf       	out	0x3d, r28	; 61

0000007c <__do_copy_data>:
      7c:	12 e0       	ldi	r17, 0x02	; 2
      7e:	a0 e0       	ldi	r26, 0x00	; 0
      80:	b1 e0       	ldi	r27, 0x01	; 1
      82:	ee e0       	ldi	r30, 0x0E	; 14
      84:	f0 e2       	ldi	r31, 0x20	; 32
      86:	02 c0       	rjmp	.+4      	; 0x8c <__do_copy_data+0x10>
      88:	05 90       	lpm	r0, Z+
      8a:	0d 92       	st	X+, r0
      8c:	ac 38       	cpi	r26, 0x8C	; 140
      8e:	b1 07       	cpc	r27, r17
      90:	d9 f7       	brne	.-10     	; 0x88 <__do_copy_data+0xc>

00000092 <__do_clear_bss>:
      92:	22 e0       	ldi	r18, 0x02	; 2
      94:	ac e8       	ldi	r26, 0x8C	; 140
      96:	b2 e0       	ldi	r27, 0x02	; 2
      98:	01 c0       	rjmp	.+2      	; 0x9c <.do_clear_bss_start>

0000009a <.do_clear_bss_loop>:
      9a:	1d 92       	st	X+, r1

0000009c <.do_clear_bss_start>:
      9c:	a8 3d       	cpi	r26, 0xD8	; 216
      9e:	b2 07       	cpc	r27, r18
      a0:	e1 f7       	brne	.-8      	; 0x9a <.do_clear_bss_loop>

000000a2 <__do_global_ctors>:
      a2:	10 e0       	ldi	r17, 0x00	; 0
      a4:	c6 e3       	ldi	r28, 0x36	; 54
      a6:	d0 e0       	ldi	r29, 0x00	; 0
      a8:	04 c0       	rjmp	.+8      	; 0xb2 <__do_global_ctors+0x10>
      aa:	21 97       	sbiw	r28, 0x01	; 1
      ac:	fe 01       	movw	r30, r28
      ae:	0e 94 d1 0e 	call	0x1da2	; 0x1da2 <__tablejump2__>
      b2:	c4 33       	cpi	r28, 0x34	; 52
      b4:	d1 07       	cpc	r29, r17
      b6:	c9 f7       	brne	.-14     	; 0xaa <__do_global_ctors+0x8>
      b8:	0e 94 9e 09 	call	0x133c	; 0x133c <main>
      bc:	0c 94 f8 0f 	jmp	0x1ff0	; 0x1ff0 <atexit_fini>

000000c0 <__bad_interrupt>:
      c0:	0c 94 00 00 	jmp	0	; 0x0 <__vectors>

000000c4 <atexit_finido>:
      c4:	a0 91 8c 02 	lds	r26, 0x028C	; 0x80028c <__data_end>
      c8:	b0 91 8d 02 	lds	r27, 0x028D	; 0x80028d <__data_end+0x1>
      cc:	10 97       	sbiw	r26, 0x00	; 0
      ce:	69 f0       	breq	.+26     	; 0xea <atexit_finido+0x26>
      d0:	ed 91       	ld	r30, X+
      d2:	fc 91       	ld	r31, X
      d4:	11 97       	sbiw	r26, 0x01	; 1
      d6:	12 96       	adiw	r26, 0x02	; 2
      d8:	8d 91       	ld	r24, X+
      da:	9c 91       	ld	r25, X
      dc:	13 97       	sbiw	r26, 0x03	; 3
      de:	90 93 8d 02 	sts	0x028D, r25	; 0x80028d <__data_end+0x1>
      e2:	80 93 8c 02 	sts	0x028C, r24	; 0x80028c <__data_end>
      e6:	09 95       	icall
      e8:	ed cf       	rjmp	.-38     	; 0xc4 <atexit_finido>
      ea:	08 95       	ret

000000ec <atexit>:
      ec:	cf 93       	push	r28
      ee:	df 93       	push	r29
      f0:	ec 01       	movw	r28, r24
      f2:	84 e0       	ldi	r24, 0x04	; 4
      f4:	90 e0       	ldi	r25, 0x00	; 0
      f6:	0e 94 d7 0e 	call	0x1dae	; 0x1dae <malloc>
      fa:	00 97       	sbiw	r24, 0x00	; 0
      fc:	81 f0       	breq	.+32     	; 0x11e <atexit+0x32>
      fe:	fc 01       	movw	r30, r24
     100:	d1 83       	std	Z+1, r29	; 0x01
     102:	c0 83       	st	Z, r28
     104:	20 91 8c 02 	lds	r18, 0x028C	; 0x80028c <__data_end>
     108:	30 91 8d 02 	lds	r19, 0x028D	; 0x80028d <__data_end+0x1>
     10c:	33 83       	std	Z+3, r19	; 0x03
     10e:	22 83       	std	Z+2, r18	; 0x02
     110:	90 93 8d 02 	sts	0x028D, r25	; 0x80028d <__data_end+0x1>
     114:	80 93 8c 02 	sts	0x028C, r24	; 0x80028c <__data_end>
     118:	80 e0       	ldi	r24, 0x00	; 0
     11a:	90 e0       	ldi	r25, 0x00	; 0
     11c:	02 c0       	rjmp	.+4      	; 0x122 <atexit+0x36>
     11e:	81 e0       	ldi	r24, 0x01	; 1
     120:	90 e0       	ldi	r25, 0x00	; 0
     122:	df 91       	pop	r29
     124:	cf 91       	pop	r28
     126:	08 95       	ret

00000128 <__tcf_0>:
{
public:
    /**
     * @brief Delete the ADC.
     */
    virtual ~Interface() noexcept = default;
     128:	88 e2       	ldi	r24, 0x28	; 40
     12a:	91 e0       	ldi	r25, 0x01	; 1
     12c:	90 93 8f 02 	sts	0x028F, r25	; 0x80028f <_ZZN6driver3adc10Atmega328p11getInstanceEvE10myInstance+0x1>
     130:	80 93 8e 02 	sts	0x028E, r24	; 0x80028e <_ZZN6driver3adc10Atmega328p11getInstanceEvE10myInstance>
     134:	08 95       	ret

00000136 <_ZNK6driver3adc10Atmega328p10resolutionEv>:
    // Return a reference to the singleton ADC instance, cast to the corresponding interface.
    return myInstance; 
}

// -----------------------------------------------------------------------------
uint8_t Atmega328p::resolution() const noexcept { return AdcParam::Resolution; }
     136:	8a e0       	ldi	r24, 0x0A	; 10
     138:	08 95       	ret

0000013a <_ZNK6driver3adc10Atmega328p8maxValueEv>:

// -----------------------------------------------------------------------------
uint16_t Atmega328p::maxValue() const noexcept { return AdcParam::MaxValue; }
     13a:	8f ef       	ldi	r24, 0xFF	; 255
     13c:	93 e0       	ldi	r25, 0x03	; 3
     13e:	08 95       	ret

00000140 <_ZNK6driver3adc10Atmega328p13supplyVoltageEv>:

// -----------------------------------------------------------------------------
double Atmega328p::supplyVoltage() const noexcept { return AdcParam::SupplyVoltage; }
     140:	60 e0       	ldi	r22, 0x00	; 0
     142:	70 e0       	ldi	r23, 0x00	; 0
     144:	80 ea       	ldi	r24, 0xA0	; 160
     146:	90 e4       	ldi	r25, 0x40	; 64
     148:	08 95       	ret

0000014a <_ZNK6driver3adc10Atmega328p4readEh>:

// -----------------------------------------------------------------------------
uint16_t Atmega328p::read(const uint8_t analogPin) const noexcept
{ 
     14a:	0f 93       	push	r16
    return myEnabled ? adcValue(analogPin) : 0U;
     14c:	fc 01       	movw	r30, r24
     14e:	82 81       	ldd	r24, Z+2	; 0x02
     150:	88 23       	and	r24, r24
     152:	09 f4       	brne	.+2      	; 0x156 <_ZNK6driver3adc10Atmega328p4readEh+0xc>
     154:	4a c0       	rjmp	.+148    	; 0x1ea <_ZNK6driver3adc10Atmega328p4readEh+0xa0>
template <typename T>
constexpr bool inRange(const T number, const T min, const T max) noexcept
{
    static_assert(type_traits::is_arithmetic<T>::value, 
        "Range checks are only supported for arithmetic types!");
    return ((min <= number) && (max >= number));
     156:	66 30       	cpi	r22, 0x06	; 6
     158:	10 f4       	brcc	.+4      	; 0x15e <_ZNK6driver3adc10Atmega328p4readEh+0x14>
     15a:	98 2f       	mov	r25, r24
     15c:	01 c0       	rjmp	.+2      	; 0x160 <_ZNK6driver3adc10Atmega328p4readEh+0x16>
     15e:	90 e0       	ldi	r25, 0x00	; 0

// -----------------------------------------------------------------------------
constexpr bool isPinNumberValid(const uint8_t pin) noexcept
{
    return utils::inRange(pin, Atmega328p::Pin::A0, Atmega328p::Pin::A5) 
        || utils::inRange(pin, Atmega328p::Port::C0, Atmega328p::Port::C5);
     160:	91 11       	cpse	r25, r1
     162:	05 c0       	rjmp	.+10     	; 0x16e <_ZNK6driver3adc10Atmega328p4readEh+0x24>
     164:	6e 30       	cpi	r22, 0x0E	; 14
     166:	18 f0       	brcs	.+6      	; 0x16e <_ZNK6driver3adc10Atmega328p4readEh+0x24>
     168:	64 31       	cpi	r22, 0x14	; 20
     16a:	08 f4       	brcc	.+2      	; 0x16e <_ZNK6driver3adc10Atmega328p4readEh+0x24>
     16c:	98 2f       	mov	r25, r24
}

// -----------------------------------------------------------------------------
inline uint16_t adcValue(const uint8_t pin) noexcept
{
    if (!isPinNumberValid(pin)) { return 0U; }
     16e:	99 23       	and	r25, r25
     170:	c9 f1       	breq	.+114    	; 0x1e4 <_ZNK6driver3adc10Atmega328p4readEh+0x9a>
}

// -----------------------------------------------------------------------------
constexpr uint8_t isPinAdjustedForOffset(const uint8_t pin) noexcept
{
    return Atmega328p::Pin::A5 >= pin ? pin : pin - AdcParam::PortOffset;
     172:	66 30       	cpi	r22, 0x06	; 6
     174:	08 f0       	brcs	.+2      	; 0x178 <_ZNK6driver3adc10Atmega328p4readEh+0x2e>
     176:	6e 50       	subi	r22, 0x0E	; 14

// -----------------------------------------------------------------------------
inline uint16_t adcValue(const uint8_t pin) noexcept
{
    if (!isPinNumberValid(pin)) { return 0U; }
    ADMUX = (1U << REFS0) | isPinAdjustedForOffset(pin);
     178:	60 64       	ori	r22, 0x40	; 64
     17a:	60 93 7c 00 	sts	0x007C, r22	; 0x80007c <__TEXT_REGION_LENGTH__+0x7f807c>
// -----------------------------------------------------------------------------
template <typename T>
constexpr void set(volatile T& reg, const uint8_t bit) noexcept
{
    static_assert(type_traits::is_unsigned<T>::value, "Invalid data type used for bit operation!");
    reg |= (1ULL << bit);
     17e:	ea e7       	ldi	r30, 0x7A	; 122
     180:	f0 e0       	ldi	r31, 0x00	; 0
     182:	80 81       	ld	r24, Z
     184:	80 68       	ori	r24, 0x80	; 128
     186:	80 83       	st	Z, r24
     188:	80 81       	ld	r24, Z
     18a:	80 64       	ori	r24, 0x40	; 64
     18c:	80 83       	st	Z, r24
     18e:	80 81       	ld	r24, Z
     190:	81 60       	ori	r24, 0x01	; 1
     192:	80 83       	st	Z, r24
     194:	80 81       	ld	r24, Z
     196:	82 60       	ori	r24, 0x02	; 2
     198:	80 83       	st	Z, r24
     19a:	80 81       	ld	r24, Z
     19c:	84 60       	ori	r24, 0x04	; 4
     19e:	80 83       	st	Z, r24
// -----------------------------------------------------------------------------
template <typename T>
constexpr bool read(const volatile T& reg, const uint8_t bit) noexcept  
{
    static_assert(type_traits::is_unsigned<T>::value, "Invalid data type used for bit operation!");
    return reg & (1ULL << bit);
     1a0:	20 91 7a 00 	lds	r18, 0x007A	; 0x80007a <__TEXT_REGION_LENGTH__+0x7f807a>
     1a4:	30 e0       	ldi	r19, 0x00	; 0
     1a6:	40 e0       	ldi	r20, 0x00	; 0
     1a8:	50 e0       	ldi	r21, 0x00	; 0
     1aa:	60 e0       	ldi	r22, 0x00	; 0
     1ac:	70 e0       	ldi	r23, 0x00	; 0
     1ae:	80 e0       	ldi	r24, 0x00	; 0
     1b0:	90 e0       	ldi	r25, 0x00	; 0
     1b2:	04 e0       	ldi	r16, 0x04	; 4
     1b4:	0e 94 a9 0e 	call	0x1d52	; 0x1d52 <__lshrdi3>
     1b8:	21 70       	andi	r18, 0x01	; 1
    utils::set(ADCSRA, ADEN, ADSC, ADPS0, ADPS1, ADPS2);
    while (!utils::read(ADCSRA, ADIF));
     1ba:	30 e0       	ldi	r19, 0x00	; 0
     1bc:	40 e0       	ldi	r20, 0x00	; 0
     1be:	50 e0       	ldi	r21, 0x00	; 0
     1c0:	60 e0       	ldi	r22, 0x00	; 0
     1c2:	70 e0       	ldi	r23, 0x00	; 0
     1c4:	80 e0       	ldi	r24, 0x00	; 0
     1c6:	90 e0       	ldi	r25, 0x00	; 0
     1c8:	a0 e0       	ldi	r26, 0x00	; 0
     1ca:	0e 94 c5 0e 	call	0x1d8a	; 0x1d8a <__cmpdi2_s8>
     1ce:	41 f3       	breq	.-48     	; 0x1a0 <_ZNK6driver3adc10Atmega328p4readEh+0x56>
// -----------------------------------------------------------------------------
template <typename T>
constexpr void set(volatile T& reg, const uint8_t bit) noexcept
{
    static_assert(type_traits::is_unsigned<T>::value, "Invalid data type used for bit operation!");
    reg |= (1ULL << bit);
     1d0:	ea e7       	ldi	r30, 0x7A	; 122
     1d2:	f0 e0       	ldi	r31, 0x00	; 0
     1d4:	80 81       	ld	r24, Z
     1d6:	80 61       	ori	r24, 0x10	; 16
     1d8:	80 83       	st	Z, r24
    utils::set(ADCSRA, ADIF);
    return ADC;
     1da:	80 91 78 00 	lds	r24, 0x0078	; 0x800078 <__TEXT_REGION_LENGTH__+0x7f8078>
     1de:	90 91 79 00 	lds	r25, 0x0079	; 0x800079 <__TEXT_REGION_LENGTH__+0x7f8079>
     1e2:	05 c0       	rjmp	.+10     	; 0x1ee <_ZNK6driver3adc10Atmega328p4readEh+0xa4>
}

// -----------------------------------------------------------------------------
inline uint16_t adcValue(const uint8_t pin) noexcept
{
    if (!isPinNumberValid(pin)) { return 0U; }
     1e4:	80 e0       	ldi	r24, 0x00	; 0
     1e6:	90 e0       	ldi	r25, 0x00	; 0
     1e8:	02 c0       	rjmp	.+4      	; 0x1ee <_ZNK6driver3adc10Atmega328p4readEh+0xa4>
double Atmega328p::supplyVoltage() const noexcept { return AdcParam::SupplyVoltage; }

// -----------------------------------------------------------------------------
uint16_t Atmega328p::read(const uint8_t analogPin) const noexcept
{ 
    return myEnabled ? adcValue(analogPin) : 0U;
     1ea:	80 e0       	ldi	r24, 0x00	; 0
     1ec:	90 e0       	ldi	r25, 0x00	; 0
}
     1ee:	0f 91       	pop	r16
     1f0:	08 95       	ret

000001f2 <_ZNK6driver3adc10Atmega328p9dutyCycleEh>:

// -----------------------------------------------------------------------------
double Atmega328p::dutyCycle(const uint8_t analogPin) const noexcept
{
    return read(analogPin) / static_cast<double>(AdcParam::MaxValue);
     1f2:	0e 94 a5 00 	call	0x14a	; 0x14a <_ZNK6driver3adc10Atmega328p4readEh>
     1f6:	bc 01       	movw	r22, r24
     1f8:	80 e0       	ldi	r24, 0x00	; 0
     1fa:	90 e0       	ldi	r25, 0x00	; 0
     1fc:	0e 94 93 0d 	call	0x1b26	; 0x1b26 <__floatunsisf>
     200:	20 e0       	ldi	r18, 0x00	; 0
     202:	30 ec       	ldi	r19, 0xC0	; 192
     204:	4f e7       	ldi	r20, 0x7F	; 127
     206:	54 e4       	ldi	r21, 0x44	; 68
     208:	0e 94 f2 0c 	call	0x19e4	; 0x19e4 <__divsf3>
}
     20c:	08 95       	ret

0000020e <_ZNK6driver3adc10Atmega328p12inputVoltageEh>:

// -----------------------------------------------------------------------------
double Atmega328p::inputVoltage(const uint8_t analogPin) const noexcept
{
    return dutyCycle(analogPin) * AdcParam::SupplyVoltage;
     20e:	0e 94 f9 00 	call	0x1f2	; 0x1f2 <_ZNK6driver3adc10Atmega328p9dutyCycleEh>
     212:	20 e0       	ldi	r18, 0x00	; 0
     214:	30 e0       	ldi	r19, 0x00	; 0
     216:	40 ea       	ldi	r20, 0xA0	; 160
     218:	50 e4       	ldi	r21, 0x40	; 64
     21a:	0e 94 21 0e 	call	0x1c42	; 0x1c42 <__mulsf3>
}
     21e:	08 95       	ret

00000220 <_ZNK6driver3adc10Atmega328p13isInitializedEv>:

// -----------------------------------------------------------------------------
bool Atmega328p::isInitialized() const noexcept { return true; }
     220:	81 e0       	ldi	r24, 0x01	; 1
     222:	08 95       	ret

00000224 <_ZNK6driver3adc10Atmega328p9isEnabledEv>:

// -----------------------------------------------------------------------------
bool Atmega328p::isEnabled() const noexcept { return myEnabled; }
     224:	fc 01       	movw	r30, r24
     226:	82 81       	ldd	r24, Z+2	; 0x02
     228:	08 95       	ret

0000022a <_ZN6driver3adc10Atmega328p10setEnabledEb>:

// -----------------------------------------------------------------------------
void Atmega328p::setEnabled(const bool enable) noexcept { myEnabled = enable; }
     22a:	fc 01       	movw	r30, r24
     22c:	62 83       	std	Z+2, r22	; 0x02
     22e:	08 95       	ret

00000230 <_ZN6driver3adc10Atmega328pD1Ev>:
     230:	28 e2       	ldi	r18, 0x28	; 40
     232:	31 e0       	ldi	r19, 0x01	; 1
     234:	fc 01       	movw	r30, r24
     236:	31 83       	std	Z+1, r19	; 0x01
     238:	20 83       	st	Z, r18
     23a:	08 95       	ret

0000023c <_ZN6driver3adc10Atmega328pD0Ev>:
     23c:	28 e2       	ldi	r18, 0x28	; 40
     23e:	31 e0       	ldi	r19, 0x01	; 1
     240:	fc 01       	movw	r30, r24
     242:	31 83       	std	Z+1, r19	; 0x01
     244:	20 83       	st	Z, r18
    Atmega328p& operator=(const Atmega328p&) = delete; // No copy assignment.
    Atmega328p& operator=(Atmega328p&&)      = delete; // No move assignment.

private:
    Atmega328p() noexcept;
    ~Atmega328p() noexcept override = default;
     246:	63 e0       	ldi	r22, 0x03	; 3
     248:	70 e0       	ldi	r23, 0x00	; 0
     24a:	0e 94 76 0c 	call	0x18ec	; 0x18ec <_ZdlPvj>
     24e:	08 95       	ret

00000250 <_ZN6driver3adc10Atmega328pC1Ev>:

// -----------------------------------------------------------------------------
Atmega328p::Atmega328p() noexcept
    : myEnabled{true}
     250:	22 e4       	ldi	r18, 0x42	; 66
     252:	31 e0       	ldi	r19, 0x01	; 1
     254:	fc 01       	movw	r30, r24
     256:	31 83       	std	Z+1, r19	; 0x01
     258:	20 83       	st	Z, r18
     25a:	21 e0       	ldi	r18, 0x01	; 1
     25c:	22 83       	std	Z+2, r18	; 0x02
{
    read(Pin::A0);
     25e:	60 e0       	ldi	r22, 0x00	; 0
     260:	0e 94 a5 00 	call	0x14a	; 0x14a <_ZNK6driver3adc10Atmega328p4readEh>
     264:	08 95       	ret

00000266 <_ZN6driver3adc10Atmega328p11getInstanceEv>:

// -----------------------------------------------------------------------------
Interface& Atmega328p::getInstance() noexcept
{ 
    // Create and initialize the singleton ADC instance (once only).
    static Atmega328p myInstance{};
     266:	80 91 91 02 	lds	r24, 0x0291	; 0x800291 <_ZGVZN6driver3adc10Atmega328p11getInstanceEvE10myInstance>
     26a:	81 11       	cpse	r24, r1
     26c:	12 c0       	rjmp	.+36     	; 0x292 <_ZN6driver3adc10Atmega328p11getInstanceEv+0x2c>
     26e:	81 e9       	ldi	r24, 0x91	; 145
     270:	92 e0       	ldi	r25, 0x02	; 2
     272:	0e 94 78 0c 	call	0x18f0	; 0x18f0 <__cxa_guard_acquire>
     276:	89 2b       	or	r24, r25
     278:	61 f0       	breq	.+24     	; 0x292 <_ZN6driver3adc10Atmega328p11getInstanceEv+0x2c>
     27a:	8e e8       	ldi	r24, 0x8E	; 142
     27c:	92 e0       	ldi	r25, 0x02	; 2
     27e:	0e 94 28 01 	call	0x250	; 0x250 <_ZN6driver3adc10Atmega328pC1Ev>
     282:	81 e9       	ldi	r24, 0x91	; 145
     284:	92 e0       	ldi	r25, 0x02	; 2
     286:	0e 94 81 0c 	call	0x1902	; 0x1902 <__cxa_guard_release>
     28a:	84 e9       	ldi	r24, 0x94	; 148
     28c:	90 e0       	ldi	r25, 0x00	; 0
     28e:	0e 94 76 00 	call	0xec	; 0xec <atexit>

    // Return a reference to the singleton ADC instance, cast to the corresponding interface.
    return myInstance; 
}
     292:	8e e8       	ldi	r24, 0x8E	; 142
     294:	92 e0       	ldi	r25, 0x02	; 2
     296:	08 95       	ret

00000298 <__tcf_0>:
{
public:
    /**
     * @brief Delete the EEPROM stream.
     */
    virtual ~Interface() noexcept = default;
     298:	8c e5       	ldi	r24, 0x5C	; 92
     29a:	91 e0       	ldi	r25, 0x01	; 1
     29c:	90 93 9a 02 	sts	0x029A, r25	; 0x80029a <_ZZN6driver6eeprom10Atmega328p11getInstanceEvE10myInstance+0x1>
     2a0:	80 93 99 02 	sts	0x0299, r24	; 0x800299 <_ZZN6driver6eeprom10Atmega328p11getInstanceEvE10myInstance>
     2a4:	08 95       	ret

000002a6 <_ZNK6driver6eeprom10Atmega328p13isInitializedEv>:
    // Return a reference to the singleton EEPROM instance, cast to the corresponding interface.
    return myInstance; 
}

// -----------------------------------------------------------------------------
bool Atmega328p::isInitialized() const noexcept { return true; }
     2a6:	81 e0       	ldi	r24, 0x01	; 1
     2a8:	08 95       	ret

000002aa <_ZNK6driver6eeprom10Atmega328p9isEnabledEv>:

// -----------------------------------------------------------------------------
bool Atmega328p::isEnabled() const noexcept { return myEnabled; }
     2aa:	fc 01       	movw	r30, r24
     2ac:	82 81       	ldd	r24, Z+2	; 0x02
     2ae:	08 95       	ret

000002b0 <_ZN6driver6eeprom10Atmega328p10setEnabledEb>:

// -----------------------------------------------------------------------------
void Atmega328p::setEnabled(const bool enable) noexcept { myEnabled = enable; }
     2b0:	fc 01       	movw	r30, r24
     2b2:	62 83       	std	Z+2, r22	; 0x02
     2b4:	08 95       	ret

000002b6 <_ZNK6driver6eeprom10Atmega328p14isAddressValidEjh>:
{}

// -----------------------------------------------------------------------------
bool Atmega328p::isAddressValid(const uint16_t address, const uint8_t dataSize) const noexcept
{
    return EepromParam::MaxAddress >= address + dataSize;
     2b6:	64 0f       	add	r22, r20
     2b8:	71 1d       	adc	r23, r1
     2ba:	81 e0       	ldi	r24, 0x01	; 1
     2bc:	61 15       	cp	r22, r1
     2be:	74 40       	sbci	r23, 0x04	; 4
     2c0:	08 f0       	brcs	.+2      	; 0x2c4 <_ZNK6driver6eeprom10Atmega328p14isAddressValidEjh+0xe>
     2c2:	80 e0       	ldi	r24, 0x00	; 0
}
     2c4:	08 95       	ret

000002c6 <_ZNK6driver6eeprom10Atmega328p8readByteEj>:
    utils::globalInterruptEnable();
}

// -----------------------------------------------------------------------------
uint8_t Atmega328p::readByte(const uint16_t address) const noexcept
{
     2c6:	0f 93       	push	r16
     2c8:	fb 01       	movw	r30, r22
// -----------------------------------------------------------------------------
template <typename T>
constexpr bool read(const volatile T& reg, const uint8_t bit) noexcept  
{
    static_assert(type_traits::is_unsigned<T>::value, "Invalid data type used for bit operation!");
    return reg & (1ULL << bit);
     2ca:	2f b3       	in	r18, 0x1f	; 31
     2cc:	30 e0       	ldi	r19, 0x00	; 0
     2ce:	40 e0       	ldi	r20, 0x00	; 0
     2d0:	50 e0       	ldi	r21, 0x00	; 0
     2d2:	60 e0       	ldi	r22, 0x00	; 0
     2d4:	70 e0       	ldi	r23, 0x00	; 0
     2d6:	80 e0       	ldi	r24, 0x00	; 0
     2d8:	90 e0       	ldi	r25, 0x00	; 0
     2da:	01 e0       	ldi	r16, 0x01	; 1
     2dc:	0e 94 a9 0e 	call	0x1d52	; 0x1d52 <__lshrdi3>
     2e0:	21 70       	andi	r18, 0x01	; 1
    // Wait until EEPROM is ready to read the next byte.
    while (utils::read(EECR, EEPE));
     2e2:	30 e0       	ldi	r19, 0x00	; 0
     2e4:	40 e0       	ldi	r20, 0x00	; 0
     2e6:	50 e0       	ldi	r21, 0x00	; 0
     2e8:	60 e0       	ldi	r22, 0x00	; 0
     2ea:	70 e0       	ldi	r23, 0x00	; 0
     2ec:	80 e0       	ldi	r24, 0x00	; 0
     2ee:	90 e0       	ldi	r25, 0x00	; 0
     2f0:	a0 e0       	ldi	r26, 0x00	; 0
     2f2:	0e 94 c5 0e 	call	0x1d8a	; 0x1d8a <__cmpdi2_s8>
     2f6:	49 f7       	brne	.-46     	; 0x2ca <_ZNK6driver6eeprom10Atmega328p8readByteEj+0x4>

    // Set the address from which to read.
    EEAR = address;
     2f8:	f2 bd       	out	0x22, r31	; 34
     2fa:	e1 bd       	out	0x21, r30	; 33
// -----------------------------------------------------------------------------
template <typename T>
constexpr void set(volatile T& reg, const uint8_t bit) noexcept
{
    static_assert(type_traits::is_unsigned<T>::value, "Invalid data type used for bit operation!");
    reg |= (1ULL << bit);
     2fc:	8f b3       	in	r24, 0x1f	; 31
     2fe:	81 60       	ori	r24, 0x01	; 1
     300:	8f bb       	out	0x1f, r24	; 31

    // Read and return the value of the given address.
    utils::set(EECR, EERE);
    return EEDR;
     302:	80 b5       	in	r24, 0x20	; 32
}
     304:	0f 91       	pop	r16
     306:	08 95       	ret

00000308 <_ZN6driver6eeprom10Atmega328pD1Ev>:
     308:	2c e5       	ldi	r18, 0x5C	; 92
     30a:	31 e0       	ldi	r19, 0x01	; 1
     30c:	fc 01       	movw	r30, r24
     30e:	31 83       	std	Z+1, r19	; 0x01
     310:	20 83       	st	Z, r18
     312:	08 95       	ret

00000314 <_ZN6driver6eeprom10Atmega328pD0Ev>:
     314:	2c e5       	ldi	r18, 0x5C	; 92
     316:	31 e0       	ldi	r19, 0x01	; 1
     318:	fc 01       	movw	r30, r24
     31a:	31 83       	std	Z+1, r19	; 0x01
     31c:	20 83       	st	Z, r18
    Atmega328p& operator=(const Atmega328p&) = delete; // No copy assignment.
    Atmega328p& operator=(Atmega328p&&)      = delete; // No move assignment.

private: 
    Atmega328p() noexcept;
    ~Atmega328p() noexcept override = default;
     31e:	63 e0       	ldi	r22, 0x03	; 3
     320:	70 e0       	ldi	r23, 0x00	; 0
     322:	0e 94 76 0c 	call	0x18ec	; 0x18ec <_ZdlPvj>
     326:	08 95       	ret

00000328 <_ZNK6driver6eeprom10Atmega328p9writeByteEjh>:
    return EepromParam::MaxAddress >= address + dataSize;
}

// -----------------------------------------------------------------------------
void Atmega328p::writeByte(const uint16_t address, const uint8_t data) const noexcept
{
     328:	0f 93       	push	r16
     32a:	cf 93       	push	r28
     32c:	df 93       	push	r29
     32e:	eb 01       	movw	r28, r22
     330:	e4 2f       	mov	r30, r20
// -----------------------------------------------------------------------------
template <typename T>
constexpr bool read(const volatile T& reg, const uint8_t bit) noexcept  
{
    static_assert(type_traits::is_unsigned<T>::value, "Invalid data type used for bit operation!");
    return reg & (1ULL << bit);
     332:	2f b3       	in	r18, 0x1f	; 31
     334:	30 e0       	ldi	r19, 0x00	; 0
     336:	40 e0       	ldi	r20, 0x00	; 0
     338:	50 e0       	ldi	r21, 0x00	; 0
     33a:	60 e0       	ldi	r22, 0x00	; 0
     33c:	70 e0       	ldi	r23, 0x00	; 0
     33e:	80 e0       	ldi	r24, 0x00	; 0
     340:	90 e0       	ldi	r25, 0x00	; 0
     342:	01 e0       	ldi	r16, 0x01	; 1
     344:	0e 94 a9 0e 	call	0x1d52	; 0x1d52 <__lshrdi3>
     348:	21 70       	andi	r18, 0x01	; 1
    // Wait until EEPROM is ready to send the next byte.
    while (utils::read(EECR, EEPE));
     34a:	30 e0       	ldi	r19, 0x00	; 0
     34c:	40 e0       	ldi	r20, 0x00	; 0
     34e:	50 e0       	ldi	r21, 0x00	; 0
     350:	60 e0       	ldi	r22, 0x00	; 0
     352:	70 e0       	ldi	r23, 0x00	; 0
     354:	80 e0       	ldi	r24, 0x00	; 0
     356:	90 e0       	ldi	r25, 0x00	; 0
     358:	a0 e0       	ldi	r26, 0x00	; 0
     35a:	0e 94 c5 0e 	call	0x1d8a	; 0x1d8a <__cmpdi2_s8>
     35e:	49 f7       	brne	.-46     	; 0x332 <_ZNK6driver6eeprom10Atmega328p9writeByteEjh+0xa>

    // Set the address and data to write.
    EEAR = address;
     360:	d2 bd       	out	0x22, r29	; 34
     362:	c1 bd       	out	0x21, r28	; 33
    EEDR = data;
     364:	e0 bd       	out	0x20, r30	; 32

    // Perform write, disable interrupts during the write sequence.
    utils::globalInterruptDisable();
     366:	0e 94 74 0c 	call	0x18e8	; 0x18e8 <_ZN5utils22globalInterruptDisableEv>
// -----------------------------------------------------------------------------
template <typename T>
constexpr void set(volatile T& reg, const uint8_t bit) noexcept
{
    static_assert(type_traits::is_unsigned<T>::value, "Invalid data type used for bit operation!");
    reg |= (1ULL << bit);
     36a:	8f b3       	in	r24, 0x1f	; 31
     36c:	84 60       	ori	r24, 0x04	; 4
     36e:	8f bb       	out	0x1f, r24	; 31
     370:	8f b3       	in	r24, 0x1f	; 31
     372:	82 60       	ori	r24, 0x02	; 2
     374:	8f bb       	out	0x1f, r24	; 31
    utils::set(EECR, EEMPE);
    utils::set(EECR, EEPE);

    // Re-enable interrupts once the write sequence is complete.
    utils::globalInterruptEnable();
     376:	0e 94 72 0c 	call	0x18e4	; 0x18e4 <_ZN5utils21globalInterruptEnableEv>
}
     37a:	df 91       	pop	r29
     37c:	cf 91       	pop	r28
     37e:	0f 91       	pop	r16
     380:	08 95       	ret

00000382 <_ZN6driver6eeprom10Atmega328pC1Ev>:
// -----------------------------------------------------------------------------
void Atmega328p::setEnabled(const bool enable) noexcept { myEnabled = enable; }

// -----------------------------------------------------------------------------
Atmega328p::Atmega328p() noexcept
    : myEnabled{false} 
     382:	20 e7       	ldi	r18, 0x70	; 112
     384:	31 e0       	ldi	r19, 0x01	; 1
     386:	fc 01       	movw	r30, r24
     388:	31 83       	std	Z+1, r19	; 0x01
     38a:	20 83       	st	Z, r18
     38c:	12 82       	std	Z+2, r1	; 0x02
     38e:	08 95       	ret

00000390 <_ZN6driver6eeprom10Atmega328p11getInstanceEv>:

// -----------------------------------------------------------------------------
Interface& Atmega328p::getInstance() noexcept
{
    // Create and initialize the singleton EEPROM instance (once only).
    static Atmega328p myInstance{};
     390:	80 91 9c 02 	lds	r24, 0x029C	; 0x80029c <_ZGVZN6driver6eeprom10Atmega328p11getInstanceEvE10myInstance>
     394:	81 11       	cpse	r24, r1
     396:	12 c0       	rjmp	.+36     	; 0x3bc <_ZN6driver6eeprom10Atmega328p11getInstanceEv+0x2c>
     398:	8c e9       	ldi	r24, 0x9C	; 156
     39a:	92 e0       	ldi	r25, 0x02	; 2
     39c:	0e 94 78 0c 	call	0x18f0	; 0x18f0 <__cxa_guard_acquire>
     3a0:	89 2b       	or	r24, r25
     3a2:	61 f0       	breq	.+24     	; 0x3bc <_ZN6driver6eeprom10Atmega328p11getInstanceEv+0x2c>
     3a4:	89 e9       	ldi	r24, 0x99	; 153
     3a6:	92 e0       	ldi	r25, 0x02	; 2
     3a8:	0e 94 c1 01 	call	0x382	; 0x382 <_ZN6driver6eeprom10Atmega328pC1Ev>
     3ac:	8c e9       	ldi	r24, 0x9C	; 156
     3ae:	92 e0       	ldi	r25, 0x02	; 2
     3b0:	0e 94 81 0c 	call	0x1902	; 0x1902 <__cxa_guard_release>
     3b4:	8c e4       	ldi	r24, 0x4C	; 76
     3b6:	91 e0       	ldi	r25, 0x01	; 1
     3b8:	0e 94 76 00 	call	0xec	; 0xec <atexit>

    // Return a reference to the singleton EEPROM instance, cast to the corresponding interface.
    return myInstance; 
}
     3bc:	89 e9       	ldi	r24, 0x99	; 153
     3be:	92 e0       	ldi	r25, 0x02	; 2
     3c0:	08 95       	ret

000003c2 <_ZNK6driver4gpio10Atmega328p13isInitializedEv>:
 *        This class is non-copyable and non-movable.
 * 
 * @tparam Size The array size. Must be greater than 0.
 */
template <size_t Size>
class CallbackArray : public Array<void (*)(), Size>
     3c2:	21 e0       	ldi	r18, 0x01	; 1
     3c4:	fc 01       	movw	r30, r24
     3c6:	82 81       	ldd	r24, Z+2	; 0x02
     3c8:	93 81       	ldd	r25, Z+3	; 0x03
     3ca:	89 2b       	or	r24, r25
     3cc:	09 f4       	brne	.+2      	; 0x3d0 <_ZNK6driver4gpio10Atmega328p13isInitializedEv+0xe>
     3ce:	20 e0       	ldi	r18, 0x00	; 0
     3d0:	82 2f       	mov	r24, r18
     3d2:	08 95       	ret

000003d4 <_ZNK6driver4gpio10Atmega328p4readEv>:
     3d4:	0f 93       	push	r16
     3d6:	dc 01       	movw	r26, r24
     3d8:	14 96       	adiw	r26, 0x04	; 4
     3da:	0c 91       	ld	r16, X
     3dc:	14 97       	sbiw	r26, 0x04	; 4
     3de:	12 96       	adiw	r26, 0x02	; 2
     3e0:	ed 91       	ld	r30, X+
     3e2:	fc 91       	ld	r31, X
     3e4:	13 97       	sbiw	r26, 0x03	; 3
     3e6:	04 80       	ldd	r0, Z+4	; 0x04
     3e8:	f5 81       	ldd	r31, Z+5	; 0x05
     3ea:	e0 2d       	mov	r30, r0
     3ec:	20 81       	ld	r18, Z
     3ee:	30 e0       	ldi	r19, 0x00	; 0
     3f0:	40 e0       	ldi	r20, 0x00	; 0
     3f2:	50 e0       	ldi	r21, 0x00	; 0
     3f4:	60 e0       	ldi	r22, 0x00	; 0
     3f6:	70 e0       	ldi	r23, 0x00	; 0
     3f8:	80 e0       	ldi	r24, 0x00	; 0
     3fa:	90 e0       	ldi	r25, 0x00	; 0
     3fc:	0e 94 a9 0e 	call	0x1d52	; 0x1d52 <__lshrdi3>
     400:	82 2f       	mov	r24, r18
     402:	81 70       	andi	r24, 0x01	; 1
     404:	0f 91       	pop	r16
     406:	08 95       	ret

00000408 <_ZN6driver4gpio10Atmega328p5writeEb>:
     408:	0f 93       	push	r16
     40a:	66 23       	and	r22, r22
     40c:	c9 f0       	breq	.+50     	; 0x440 <_ZN6driver4gpio10Atmega328p5writeEb+0x38>
     40e:	dc 01       	movw	r26, r24
     410:	14 96       	adiw	r26, 0x04	; 4
     412:	0c 91       	ld	r16, X
     414:	14 97       	sbiw	r26, 0x04	; 4
     416:	12 96       	adiw	r26, 0x02	; 2
     418:	ed 91       	ld	r30, X+
     41a:	fc 91       	ld	r31, X
     41c:	13 97       	sbiw	r26, 0x03	; 3
     41e:	02 80       	ldd	r0, Z+2	; 0x02
     420:	f3 81       	ldd	r31, Z+3	; 0x03
     422:	e0 2d       	mov	r30, r0
     424:	a0 81       	ld	r26, Z
     426:	21 e0       	ldi	r18, 0x01	; 1
     428:	30 e0       	ldi	r19, 0x00	; 0
     42a:	40 e0       	ldi	r20, 0x00	; 0
     42c:	50 e0       	ldi	r21, 0x00	; 0
     42e:	60 e0       	ldi	r22, 0x00	; 0
     430:	70 e0       	ldi	r23, 0x00	; 0
     432:	80 e0       	ldi	r24, 0x00	; 0
     434:	90 e0       	ldi	r25, 0x00	; 0
     436:	0e 94 8e 0e 	call	0x1d1c	; 0x1d1c <__ashldi3>
     43a:	2a 2b       	or	r18, r26
     43c:	20 83       	st	Z, r18
     43e:	15 c0       	rjmp	.+42     	; 0x46a <_ZN6driver4gpio10Atmega328p5writeEb+0x62>
     440:	fc 01       	movw	r30, r24
     442:	04 81       	ldd	r16, Z+4	; 0x04
     444:	02 80       	ldd	r0, Z+2	; 0x02
     446:	f3 81       	ldd	r31, Z+3	; 0x03
     448:	e0 2d       	mov	r30, r0
     44a:	a2 81       	ldd	r26, Z+2	; 0x02
     44c:	b3 81       	ldd	r27, Z+3	; 0x03
     44e:	ec 91       	ld	r30, X
     450:	21 e0       	ldi	r18, 0x01	; 1
     452:	30 e0       	ldi	r19, 0x00	; 0
     454:	40 e0       	ldi	r20, 0x00	; 0
     456:	50 e0       	ldi	r21, 0x00	; 0
     458:	60 e0       	ldi	r22, 0x00	; 0
     45a:	70 e0       	ldi	r23, 0x00	; 0
     45c:	80 e0       	ldi	r24, 0x00	; 0
     45e:	90 e0       	ldi	r25, 0x00	; 0
     460:	0e 94 8e 0e 	call	0x1d1c	; 0x1d1c <__ashldi3>
     464:	20 95       	com	r18
     466:	e2 23       	and	r30, r18
     468:	ec 93       	st	X, r30
     46a:	0f 91       	pop	r16
     46c:	08 95       	ret

0000046e <_ZN6driver4gpio10Atmega328p6toggleEv>:
     46e:	0f 93       	push	r16
     470:	dc 01       	movw	r26, r24
     472:	14 96       	adiw	r26, 0x04	; 4
     474:	0c 91       	ld	r16, X
     476:	14 97       	sbiw	r26, 0x04	; 4
     478:	12 96       	adiw	r26, 0x02	; 2
     47a:	ed 91       	ld	r30, X+
     47c:	fc 91       	ld	r31, X
     47e:	13 97       	sbiw	r26, 0x03	; 3
     480:	04 80       	ldd	r0, Z+4	; 0x04
     482:	f5 81       	ldd	r31, Z+5	; 0x05
     484:	e0 2d       	mov	r30, r0
     486:	a0 81       	ld	r26, Z
     488:	21 e0       	ldi	r18, 0x01	; 1
     48a:	30 e0       	ldi	r19, 0x00	; 0
     48c:	40 e0       	ldi	r20, 0x00	; 0
     48e:	50 e0       	ldi	r21, 0x00	; 0
     490:	60 e0       	ldi	r22, 0x00	; 0
     492:	70 e0       	ldi	r23, 0x00	; 0
     494:	80 e0       	ldi	r24, 0x00	; 0
     496:	90 e0       	ldi	r25, 0x00	; 0
     498:	0e 94 8e 0e 	call	0x1d1c	; 0x1d1c <__ashldi3>
     49c:	2a 2b       	or	r18, r26
     49e:	20 83       	st	Z, r18
     4a0:	0f 91       	pop	r16
     4a2:	08 95       	ret

000004a4 <_ZN6driver4gpio10Atmega328p21enableInterruptOnPortEb>:
     4a4:	0f 93       	push	r16
     4a6:	66 23       	and	r22, r22
     4a8:	b1 f0       	breq	.+44     	; 0x4d6 <_ZN6driver4gpio10Atmega328p21enableInterruptOnPortEb+0x32>
     4aa:	dc 01       	movw	r26, r24
     4ac:	12 96       	adiw	r26, 0x02	; 2
     4ae:	ed 91       	ld	r30, X+
     4b0:	fc 91       	ld	r31, X
     4b2:	13 97       	sbiw	r26, 0x03	; 3
     4b4:	00 85       	ldd	r16, Z+8	; 0x08
     4b6:	e8 e6       	ldi	r30, 0x68	; 104
     4b8:	f0 e0       	ldi	r31, 0x00	; 0
     4ba:	a0 81       	ld	r26, Z
     4bc:	21 e0       	ldi	r18, 0x01	; 1
     4be:	30 e0       	ldi	r19, 0x00	; 0
     4c0:	40 e0       	ldi	r20, 0x00	; 0
     4c2:	50 e0       	ldi	r21, 0x00	; 0
     4c4:	60 e0       	ldi	r22, 0x00	; 0
     4c6:	70 e0       	ldi	r23, 0x00	; 0
     4c8:	80 e0       	ldi	r24, 0x00	; 0
     4ca:	90 e0       	ldi	r25, 0x00	; 0
     4cc:	0e 94 8e 0e 	call	0x1d1c	; 0x1d1c <__ashldi3>
     4d0:	2a 2b       	or	r18, r26
     4d2:	20 83       	st	Z, r18
     4d4:	16 c0       	rjmp	.+44     	; 0x502 <_ZN6driver4gpio10Atmega328p21enableInterruptOnPortEb+0x5e>
     4d6:	dc 01       	movw	r26, r24
     4d8:	12 96       	adiw	r26, 0x02	; 2
     4da:	ed 91       	ld	r30, X+
     4dc:	fc 91       	ld	r31, X
     4de:	13 97       	sbiw	r26, 0x03	; 3
     4e0:	00 85       	ldd	r16, Z+8	; 0x08
     4e2:	a8 e6       	ldi	r26, 0x68	; 104
     4e4:	b0 e0       	ldi	r27, 0x00	; 0
     4e6:	ec 91       	ld	r30, X
     4e8:	21 e0       	ldi	r18, 0x01	; 1
     4ea:	30 e0       	ldi	r19, 0x00	; 0
     4ec:	40 e0       	ldi	r20, 0x00	; 0
     4ee:	50 e0       	ldi	r21, 0x00	; 0
     4f0:	60 e0       	ldi	r22, 0x00	; 0
     4f2:	70 e0       	ldi	r23, 0x00	; 0
     4f4:	80 e0       	ldi	r24, 0x00	; 0
     4f6:	90 e0       	ldi	r25, 0x00	; 0
     4f8:	0e 94 8e 0e 	call	0x1d1c	; 0x1d1c <__ashldi3>
     4fc:	20 95       	com	r18
     4fe:	e2 23       	and	r30, r18
     500:	ec 93       	st	X, r30
     502:	0f 91       	pop	r16
     504:	08 95       	ret

00000506 <_ZN6driver4gpio10Atmega328p15enableInterruptEb>:
     506:	0f 93       	push	r16
     508:	cf 93       	push	r28
     50a:	df 93       	push	r29
     50c:	66 23       	and	r22, r22
     50e:	49 f1       	breq	.+82     	; 0x562 <_ZN6driver4gpio10Atmega328p15enableInterruptEb+0x5c>
     510:	ec 01       	movw	r28, r24
     512:	0e 94 72 0c 	call	0x18e4	; 0x18e4 <_ZN5utils21globalInterruptEnableEv>
     516:	ea 81       	ldd	r30, Y+2	; 0x02
     518:	fb 81       	ldd	r31, Y+3	; 0x03
     51a:	00 85       	ldd	r16, Z+8	; 0x08
     51c:	e8 e6       	ldi	r30, 0x68	; 104
     51e:	f0 e0       	ldi	r31, 0x00	; 0
     520:	a0 81       	ld	r26, Z
     522:	21 e0       	ldi	r18, 0x01	; 1
     524:	30 e0       	ldi	r19, 0x00	; 0
     526:	40 e0       	ldi	r20, 0x00	; 0
     528:	50 e0       	ldi	r21, 0x00	; 0
     52a:	60 e0       	ldi	r22, 0x00	; 0
     52c:	70 e0       	ldi	r23, 0x00	; 0
     52e:	80 e0       	ldi	r24, 0x00	; 0
     530:	90 e0       	ldi	r25, 0x00	; 0
     532:	0e 94 8e 0e 	call	0x1d1c	; 0x1d1c <__ashldi3>
     536:	2a 2b       	or	r18, r26
     538:	20 83       	st	Z, r18
     53a:	0c 81       	ldd	r16, Y+4	; 0x04
     53c:	ea 81       	ldd	r30, Y+2	; 0x02
     53e:	fb 81       	ldd	r31, Y+3	; 0x03
     540:	06 80       	ldd	r0, Z+6	; 0x06
     542:	f7 81       	ldd	r31, Z+7	; 0x07
     544:	e0 2d       	mov	r30, r0
     546:	a0 81       	ld	r26, Z
     548:	21 e0       	ldi	r18, 0x01	; 1
     54a:	30 e0       	ldi	r19, 0x00	; 0
     54c:	40 e0       	ldi	r20, 0x00	; 0
     54e:	50 e0       	ldi	r21, 0x00	; 0
     550:	60 e0       	ldi	r22, 0x00	; 0
     552:	70 e0       	ldi	r23, 0x00	; 0
     554:	80 e0       	ldi	r24, 0x00	; 0
     556:	90 e0       	ldi	r25, 0x00	; 0
     558:	0e 94 8e 0e 	call	0x1d1c	; 0x1d1c <__ashldi3>
     55c:	2a 2b       	or	r18, r26
     55e:	20 83       	st	Z, r18
     560:	18 c0       	rjmp	.+48     	; 0x592 <_ZN6driver4gpio10Atmega328p15enableInterruptEb+0x8c>
     562:	dc 01       	movw	r26, r24
     564:	14 96       	adiw	r26, 0x04	; 4
     566:	0c 91       	ld	r16, X
     568:	14 97       	sbiw	r26, 0x04	; 4
     56a:	12 96       	adiw	r26, 0x02	; 2
     56c:	ed 91       	ld	r30, X+
     56e:	fc 91       	ld	r31, X
     570:	13 97       	sbiw	r26, 0x03	; 3
     572:	a6 81       	ldd	r26, Z+6	; 0x06
     574:	b7 81       	ldd	r27, Z+7	; 0x07
     576:	ec 91       	ld	r30, X
     578:	21 e0       	ldi	r18, 0x01	; 1
     57a:	30 e0       	ldi	r19, 0x00	; 0
     57c:	40 e0       	ldi	r20, 0x00	; 0
     57e:	50 e0       	ldi	r21, 0x00	; 0
     580:	60 e0       	ldi	r22, 0x00	; 0
     582:	70 e0       	ldi	r23, 0x00	; 0
     584:	80 e0       	ldi	r24, 0x00	; 0
     586:	90 e0       	ldi	r25, 0x00	; 0
     588:	0e 94 8e 0e 	call	0x1d1c	; 0x1d1c <__ashldi3>
     58c:	20 95       	com	r18
     58e:	e2 23       	and	r30, r18
     590:	ec 93       	st	X, r30
     592:	df 91       	pop	r29
     594:	cf 91       	pop	r28
     596:	0f 91       	pop	r16
     598:	08 95       	ret

0000059a <_ZN6driver4gpio10Atmega328pD1Ev>:
     59a:	4f 92       	push	r4
     59c:	5f 92       	push	r5
     59e:	6f 92       	push	r6
     5a0:	7f 92       	push	r7
     5a2:	8f 92       	push	r8
     5a4:	9f 92       	push	r9
     5a6:	af 92       	push	r10
     5a8:	bf 92       	push	r11
     5aa:	cf 92       	push	r12
     5ac:	df 92       	push	r13
     5ae:	ef 92       	push	r14
     5b0:	ff 92       	push	r15
     5b2:	0f 93       	push	r16
     5b4:	cf 93       	push	r28
     5b6:	df 93       	push	r29
     5b8:	ec 01       	movw	r28, r24
     5ba:	88 e9       	ldi	r24, 0x98	; 152
     5bc:	91 e0       	ldi	r25, 0x01	; 1
     5be:	99 83       	std	Y+1, r25	; 0x01
     5c0:	88 83       	st	Y, r24
     5c2:	0c 81       	ldd	r16, Y+4	; 0x04
     5c4:	ea 81       	ldd	r30, Y+2	; 0x02
     5c6:	fb 81       	ldd	r31, Y+3	; 0x03
     5c8:	a0 81       	ld	r26, Z
     5ca:	b1 81       	ldd	r27, Z+1	; 0x01
     5cc:	ec 91       	ld	r30, X
     5ce:	21 e0       	ldi	r18, 0x01	; 1
     5d0:	30 e0       	ldi	r19, 0x00	; 0
     5d2:	40 e0       	ldi	r20, 0x00	; 0
     5d4:	50 e0       	ldi	r21, 0x00	; 0
     5d6:	60 e0       	ldi	r22, 0x00	; 0
     5d8:	70 e0       	ldi	r23, 0x00	; 0
     5da:	80 e0       	ldi	r24, 0x00	; 0
     5dc:	90 e0       	ldi	r25, 0x00	; 0
     5de:	0e 94 8e 0e 	call	0x1d1c	; 0x1d1c <__ashldi3>
     5e2:	20 95       	com	r18
     5e4:	e2 23       	and	r30, r18
     5e6:	ec 93       	st	X, r30
     5e8:	0c 81       	ldd	r16, Y+4	; 0x04
     5ea:	ea 81       	ldd	r30, Y+2	; 0x02
     5ec:	fb 81       	ldd	r31, Y+3	; 0x03
     5ee:	a2 81       	ldd	r26, Z+2	; 0x02
     5f0:	b3 81       	ldd	r27, Z+3	; 0x03
     5f2:	ec 91       	ld	r30, X
     5f4:	21 e0       	ldi	r18, 0x01	; 1
     5f6:	30 e0       	ldi	r19, 0x00	; 0
     5f8:	40 e0       	ldi	r20, 0x00	; 0
     5fa:	50 e0       	ldi	r21, 0x00	; 0
     5fc:	60 e0       	ldi	r22, 0x00	; 0
     5fe:	70 e0       	ldi	r23, 0x00	; 0
     600:	80 e0       	ldi	r24, 0x00	; 0
     602:	90 e0       	ldi	r25, 0x00	; 0
     604:	0e 94 8e 0e 	call	0x1d1c	; 0x1d1c <__ashldi3>
     608:	20 95       	com	r18
     60a:	e2 23       	and	r30, r18
     60c:	ec 93       	st	X, r30
     60e:	0c 81       	ldd	r16, Y+4	; 0x04
     610:	e4 ea       	ldi	r30, 0xA4	; 164
     612:	f2 e0       	ldi	r31, 0x02	; 2
     614:	40 80       	ld	r4, Z
     616:	51 80       	ldd	r5, Z+1	; 0x01
     618:	62 80       	ldd	r6, Z+2	; 0x02
     61a:	73 80       	ldd	r7, Z+3	; 0x03
     61c:	21 e0       	ldi	r18, 0x01	; 1
     61e:	30 e0       	ldi	r19, 0x00	; 0
     620:	40 e0       	ldi	r20, 0x00	; 0
     622:	50 e0       	ldi	r21, 0x00	; 0
     624:	60 e0       	ldi	r22, 0x00	; 0
     626:	70 e0       	ldi	r23, 0x00	; 0
     628:	80 e0       	ldi	r24, 0x00	; 0
     62a:	90 e0       	ldi	r25, 0x00	; 0
     62c:	0e 94 8e 0e 	call	0x1d1c	; 0x1d1c <__ashldi3>
     630:	82 2e       	mov	r8, r18
     632:	93 2e       	mov	r9, r19
     634:	a4 2e       	mov	r10, r20
     636:	b5 2e       	mov	r11, r21
     638:	80 94       	com	r8
     63a:	90 94       	com	r9
     63c:	a0 94       	com	r10
     63e:	b0 94       	com	r11
     640:	84 20       	and	r8, r4
     642:	95 20       	and	r9, r5
     644:	a6 20       	and	r10, r6
     646:	b7 20       	and	r11, r7
     648:	80 82       	st	Z, r8
     64a:	91 82       	std	Z+1, r9	; 0x01
     64c:	a2 82       	std	Z+2, r10	; 0x02
     64e:	b3 82       	std	Z+3, r11	; 0x03
     650:	60 e0       	ldi	r22, 0x00	; 0
     652:	ce 01       	movw	r24, r28
     654:	0e 94 83 02 	call	0x506	; 0x506 <_ZN6driver4gpio10Atmega328p15enableInterruptEb>
     658:	1b 82       	std	Y+3, r1	; 0x03
     65a:	1a 82       	std	Y+2, r1	; 0x02
     65c:	84 e8       	ldi	r24, 0x84	; 132
     65e:	91 e0       	ldi	r25, 0x01	; 1
     660:	99 83       	std	Y+1, r25	; 0x01
     662:	88 83       	st	Y, r24
     664:	df 91       	pop	r29
     666:	cf 91       	pop	r28
     668:	0f 91       	pop	r16
     66a:	ff 90       	pop	r15
     66c:	ef 90       	pop	r14
     66e:	df 90       	pop	r13
     670:	cf 90       	pop	r12
     672:	bf 90       	pop	r11
     674:	af 90       	pop	r10
     676:	9f 90       	pop	r9
     678:	8f 90       	pop	r8
     67a:	7f 90       	pop	r7
     67c:	6f 90       	pop	r6
     67e:	5f 90       	pop	r5
     680:	4f 90       	pop	r4
     682:	08 95       	ret

00000684 <_ZN6driver4gpio10Atmega328pD0Ev>:
     684:	cf 93       	push	r28
     686:	df 93       	push	r29
     688:	ec 01       	movw	r28, r24
     68a:	0e 94 cd 02 	call	0x59a	; 0x59a <_ZN6driver4gpio10Atmega328pD1Ev>
     68e:	65 e0       	ldi	r22, 0x05	; 5
     690:	70 e0       	ldi	r23, 0x00	; 0
     692:	ce 01       	movw	r24, r28
     694:	0e 94 76 0c 	call	0x18ec	; 0x18ec <_ZdlPvj>
     698:	df 91       	pop	r29
     69a:	cf 91       	pop	r28
     69c:	08 95       	ret

0000069e <_ZN6driver4gpio10Atmega328p12initHardwareEh>:
     69e:	88 30       	cpi	r24, 0x08	; 8
     6a0:	20 f0       	brcs	.+8      	; 0x6aa <_ZN6driver4gpio10Atmega328p12initHardwareEh+0xc>
     6a2:	8e 30       	cpi	r24, 0x0E	; 14
     6a4:	20 f0       	brcs	.+8      	; 0x6ae <_ZN6driver4gpio10Atmega328p12initHardwareEh+0x10>
     6a6:	90 e0       	ldi	r25, 0x00	; 0
     6a8:	03 c0       	rjmp	.+6      	; 0x6b0 <_ZN6driver4gpio10Atmega328p12initHardwareEh+0x12>
     6aa:	90 e0       	ldi	r25, 0x00	; 0
     6ac:	01 c0       	rjmp	.+2      	; 0x6b0 <_ZN6driver4gpio10Atmega328p12initHardwareEh+0x12>
     6ae:	91 e0       	ldi	r25, 0x01	; 1
     6b0:	91 11       	cpse	r25, r1
     6b2:	0f c0       	rjmp	.+30     	; 0x6d2 <_ZN6driver4gpio10Atmega328p12initHardwareEh+0x34>
     6b4:	8e 30       	cpi	r24, 0x0E	; 14
     6b6:	18 f0       	brcs	.+6      	; 0x6be <_ZN6driver4gpio10Atmega328p12initHardwareEh+0x20>
     6b8:	84 31       	cpi	r24, 0x14	; 20
     6ba:	08 f4       	brcc	.+2      	; 0x6be <_ZN6driver4gpio10Atmega328p12initHardwareEh+0x20>
     6bc:	91 e0       	ldi	r25, 0x01	; 1
     6be:	91 11       	cpse	r25, r1
     6c0:	0b c0       	rjmp	.+22     	; 0x6d8 <_ZN6driver4gpio10Atmega328p12initHardwareEh+0x3a>
     6c2:	86 30       	cpi	r24, 0x06	; 6
     6c4:	08 f4       	brcc	.+2      	; 0x6c8 <_ZN6driver4gpio10Atmega328p12initHardwareEh+0x2a>
     6c6:	91 e0       	ldi	r25, 0x01	; 1
     6c8:	99 23       	and	r25, r25
     6ca:	49 f0       	breq	.+18     	; 0x6de <_ZN6driver4gpio10Atmega328p12initHardwareEh+0x40>
     6cc:	86 e0       	ldi	r24, 0x06	; 6
     6ce:	91 e0       	ldi	r25, 0x01	; 1
     6d0:	08 95       	ret
     6d2:	8a e1       	ldi	r24, 0x1A	; 26
     6d4:	91 e0       	ldi	r25, 0x01	; 1
     6d6:	08 95       	ret
     6d8:	80 e1       	ldi	r24, 0x10	; 16
     6da:	91 e0       	ldi	r25, 0x01	; 1
     6dc:	08 95       	ret
     6de:	80 e0       	ldi	r24, 0x00	; 0
     6e0:	90 e0       	ldi	r25, 0x00	; 0
     6e2:	08 95       	ret

000006e4 <_ZN6driver4gpio10Atmega328p7reserveEhNS1_9DirectionE>:
     6e4:	4f 92       	push	r4
     6e6:	5f 92       	push	r5
     6e8:	6f 92       	push	r6
     6ea:	7f 92       	push	r7
     6ec:	8f 92       	push	r8
     6ee:	9f 92       	push	r9
     6f0:	af 92       	push	r10
     6f2:	bf 92       	push	r11
     6f4:	cf 92       	push	r12
     6f6:	df 92       	push	r13
     6f8:	ef 92       	push	r14
     6fa:	ff 92       	push	r15
     6fc:	0f 93       	push	r16
     6fe:	e8 2f       	mov	r30, r24
     700:	84 31       	cpi	r24, 0x14	; 20
     702:	d8 f4       	brcc	.+54     	; 0x73a <_ZN6driver4gpio10Atmega328p7reserveEhNS1_9DirectionE+0x56>
     704:	63 30       	cpi	r22, 0x03	; 3
     706:	d8 f4       	brcc	.+54     	; 0x73e <_ZN6driver4gpio10Atmega328p7reserveEhNS1_9DirectionE+0x5a>
     708:	84 31       	cpi	r24, 0x14	; 20
     70a:	a8 f4       	brcc	.+42     	; 0x736 <_ZN6driver4gpio10Atmega328p7reserveEhNS1_9DirectionE+0x52>
     70c:	80 90 a4 02 	lds	r8, 0x02A4	; 0x8002a4 <_ZN6driver4gpio12_GLOBAL__N_19GpioParam11pinRegistryE>
     710:	90 90 a5 02 	lds	r9, 0x02A5	; 0x8002a5 <_ZN6driver4gpio12_GLOBAL__N_19GpioParam11pinRegistryE+0x1>
     714:	a0 90 a6 02 	lds	r10, 0x02A6	; 0x8002a6 <_ZN6driver4gpio12_GLOBAL__N_19GpioParam11pinRegistryE+0x2>
     718:	b0 90 a7 02 	lds	r11, 0x02A7	; 0x8002a7 <_ZN6driver4gpio12_GLOBAL__N_19GpioParam11pinRegistryE+0x3>
     71c:	28 2d       	mov	r18, r8
     71e:	39 2d       	mov	r19, r9
     720:	4a 2d       	mov	r20, r10
     722:	5b 2d       	mov	r21, r11
     724:	60 e0       	ldi	r22, 0x00	; 0
     726:	70 e0       	ldi	r23, 0x00	; 0
     728:	80 e0       	ldi	r24, 0x00	; 0
     72a:	90 e0       	ldi	r25, 0x00	; 0
     72c:	0e 2f       	mov	r16, r30
     72e:	0e 94 a9 0e 	call	0x1d52	; 0x1d52 <__lshrdi3>
     732:	21 70       	andi	r18, 0x01	; 1
     734:	05 c0       	rjmp	.+10     	; 0x740 <_ZN6driver4gpio10Atmega328p7reserveEhNS1_9DirectionE+0x5c>
     736:	20 e0       	ldi	r18, 0x00	; 0
     738:	03 c0       	rjmp	.+6      	; 0x740 <_ZN6driver4gpio10Atmega328p7reserveEhNS1_9DirectionE+0x5c>
     73a:	21 e0       	ldi	r18, 0x01	; 1
     73c:	01 c0       	rjmp	.+2      	; 0x740 <_ZN6driver4gpio10Atmega328p7reserveEhNS1_9DirectionE+0x5c>
     73e:	21 e0       	ldi	r18, 0x01	; 1
     740:	21 11       	cpse	r18, r1
     742:	28 c0       	rjmp	.+80     	; 0x794 <_ZN6driver4gpio10Atmega328p7reserveEhNS1_9DirectionE+0xb0>
     744:	0e 2f       	mov	r16, r30
     746:	8e 2f       	mov	r24, r30
     748:	0e 94 4f 03 	call	0x69e	; 0x69e <_ZN6driver4gpio10Atmega328p12initHardwareEh>
     74c:	fc 01       	movw	r30, r24
     74e:	00 97       	sbiw	r24, 0x00	; 0
     750:	21 f1       	breq	.+72     	; 0x79a <_ZN6driver4gpio10Atmega328p7reserveEhNS1_9DirectionE+0xb6>
     752:	a4 ea       	ldi	r26, 0xA4	; 164
     754:	b2 e0       	ldi	r27, 0x02	; 2
     756:	4d 90       	ld	r4, X+
     758:	5d 90       	ld	r5, X+
     75a:	6d 90       	ld	r6, X+
     75c:	7c 90       	ld	r7, X
     75e:	13 97       	sbiw	r26, 0x03	; 3
     760:	21 e0       	ldi	r18, 0x01	; 1
     762:	30 e0       	ldi	r19, 0x00	; 0
     764:	40 e0       	ldi	r20, 0x00	; 0
     766:	50 e0       	ldi	r21, 0x00	; 0
     768:	60 e0       	ldi	r22, 0x00	; 0
     76a:	70 e0       	ldi	r23, 0x00	; 0
     76c:	80 e0       	ldi	r24, 0x00	; 0
     76e:	90 e0       	ldi	r25, 0x00	; 0
     770:	0e 94 8e 0e 	call	0x1d1c	; 0x1d1c <__ashldi3>
     774:	82 2e       	mov	r8, r18
     776:	93 2e       	mov	r9, r19
     778:	a4 2e       	mov	r10, r20
     77a:	b5 2e       	mov	r11, r21
     77c:	84 28       	or	r8, r4
     77e:	95 28       	or	r9, r5
     780:	a6 28       	or	r10, r6
     782:	b7 28       	or	r11, r7
     784:	8d 92       	st	X+, r8
     786:	9d 92       	st	X+, r9
     788:	ad 92       	st	X+, r10
     78a:	bc 92       	st	X, r11
     78c:	13 97       	sbiw	r26, 0x03	; 3
     78e:	8e 2f       	mov	r24, r30
     790:	9f 2f       	mov	r25, r31
     792:	04 c0       	rjmp	.+8      	; 0x79c <_ZN6driver4gpio10Atmega328p7reserveEhNS1_9DirectionE+0xb8>
     794:	80 e0       	ldi	r24, 0x00	; 0
     796:	90 e0       	ldi	r25, 0x00	; 0
     798:	01 c0       	rjmp	.+2      	; 0x79c <_ZN6driver4gpio10Atmega328p7reserveEhNS1_9DirectionE+0xb8>
     79a:	9f 2f       	mov	r25, r31
     79c:	0f 91       	pop	r16
     79e:	ff 90       	pop	r15
     7a0:	ef 90       	pop	r14
     7a2:	df 90       	pop	r13
     7a4:	cf 90       	pop	r12
     7a6:	bf 90       	pop	r11
     7a8:	af 90       	pop	r10
     7aa:	9f 90       	pop	r9
     7ac:	8f 90       	pop	r8
     7ae:	7f 90       	pop	r7
     7b0:	6f 90       	pop	r6
     7b2:	5f 90       	pop	r5
     7b4:	4f 90       	pop	r4
     7b6:	08 95       	ret

000007b8 <_ZN6driver4gpio10Atmega328p12setDirectionENS1_9DirectionE>:
     7b8:	0f 93       	push	r16
     7ba:	61 30       	cpi	r22, 0x01	; 1
     7bc:	c9 f4       	brne	.+50     	; 0x7f0 <_ZN6driver4gpio10Atmega328p12setDirectionENS1_9DirectionE+0x38>
     7be:	dc 01       	movw	r26, r24
     7c0:	14 96       	adiw	r26, 0x04	; 4
     7c2:	0c 91       	ld	r16, X
     7c4:	14 97       	sbiw	r26, 0x04	; 4
     7c6:	12 96       	adiw	r26, 0x02	; 2
     7c8:	ed 91       	ld	r30, X+
     7ca:	fc 91       	ld	r31, X
     7cc:	13 97       	sbiw	r26, 0x03	; 3
     7ce:	02 80       	ldd	r0, Z+2	; 0x02
     7d0:	f3 81       	ldd	r31, Z+3	; 0x03
     7d2:	e0 2d       	mov	r30, r0
     7d4:	a0 81       	ld	r26, Z
     7d6:	21 e0       	ldi	r18, 0x01	; 1
     7d8:	30 e0       	ldi	r19, 0x00	; 0
     7da:	40 e0       	ldi	r20, 0x00	; 0
     7dc:	50 e0       	ldi	r21, 0x00	; 0
     7de:	60 e0       	ldi	r22, 0x00	; 0
     7e0:	70 e0       	ldi	r23, 0x00	; 0
     7e2:	80 e0       	ldi	r24, 0x00	; 0
     7e4:	90 e0       	ldi	r25, 0x00	; 0
     7e6:	0e 94 8e 0e 	call	0x1d1c	; 0x1d1c <__ashldi3>
     7ea:	2a 2b       	or	r18, r26
     7ec:	20 83       	st	Z, r18
     7ee:	17 c0       	rjmp	.+46     	; 0x81e <__DATA_REGION_LENGTH__+0x1e>
     7f0:	62 30       	cpi	r22, 0x02	; 2
     7f2:	a9 f4       	brne	.+42     	; 0x81e <__DATA_REGION_LENGTH__+0x1e>
     7f4:	fc 01       	movw	r30, r24
     7f6:	04 81       	ldd	r16, Z+4	; 0x04
     7f8:	02 80       	ldd	r0, Z+2	; 0x02
     7fa:	f3 81       	ldd	r31, Z+3	; 0x03
     7fc:	e0 2d       	mov	r30, r0
     7fe:	01 90       	ld	r0, Z+
     800:	f0 81       	ld	r31, Z
     802:	e0 2d       	mov	r30, r0
     804:	a0 81       	ld	r26, Z
     806:	21 e0       	ldi	r18, 0x01	; 1
     808:	30 e0       	ldi	r19, 0x00	; 0
     80a:	40 e0       	ldi	r20, 0x00	; 0
     80c:	50 e0       	ldi	r21, 0x00	; 0
     80e:	60 e0       	ldi	r22, 0x00	; 0
     810:	70 e0       	ldi	r23, 0x00	; 0
     812:	80 e0       	ldi	r24, 0x00	; 0
     814:	90 e0       	ldi	r25, 0x00	; 0
     816:	0e 94 8e 0e 	call	0x1d1c	; 0x1d1c <__ashldi3>
     81a:	2a 2b       	or	r18, r26
     81c:	20 83       	st	Z, r18
     81e:	0f 91       	pop	r16
     820:	08 95       	ret

00000822 <_ZN9container5ArrayIPFvvELj3EEC1Ev>:
     822:	26 e0       	ldi	r18, 0x06	; 6
     824:	fc 01       	movw	r30, r24
     826:	11 92       	st	Z+, r1
     828:	2a 95       	dec	r18
     82a:	e9 f7       	brne	.-6      	; 0x826 <_ZN9container5ArrayIPFvvELj3EEC1Ev+0x4>
     82c:	08 95       	ret

0000082e <_ZN9container13CallbackArrayILj3EEC1Ev>:
     82e:	0e 94 11 04 	call	0x822	; 0x822 <_ZN9container5ArrayIPFvvELj3EEC1Ev>
     832:	08 95       	ret

00000834 <_ZNK9container13CallbackArrayILj3EE12isIndexValidEj>:
     834:	81 e0       	ldi	r24, 0x01	; 1
     836:	63 30       	cpi	r22, 0x03	; 3
     838:	71 05       	cpc	r23, r1
     83a:	08 f0       	brcs	.+2      	; 0x83e <_ZNK9container13CallbackArrayILj3EE12isIndexValidEj+0xa>
     83c:	80 e0       	ldi	r24, 0x00	; 0
     83e:	08 95       	ret

00000840 <_ZN9container13CallbackArrayILj3EE3addEPFvvEj>:
     840:	ef 92       	push	r14
     842:	ff 92       	push	r15
     844:	0f 93       	push	r16
     846:	1f 93       	push	r17
     848:	cf 93       	push	r28
     84a:	df 93       	push	r29
     84c:	8c 01       	movw	r16, r24
     84e:	7b 01       	movw	r14, r22
     850:	ea 01       	movw	r28, r20
     852:	ba 01       	movw	r22, r20
     854:	0e 94 1a 04 	call	0x834	; 0x834 <_ZNK9container13CallbackArrayILj3EE12isIndexValidEj>
     858:	88 23       	and	r24, r24
     85a:	21 f0       	breq	.+8      	; 0x864 <_ZN9container13CallbackArrayILj3EE3addEPFvvEj+0x24>
     85c:	e1 14       	cp	r14, r1
     85e:	f1 04       	cpc	r15, r1
     860:	19 f4       	brne	.+6      	; 0x868 <_ZN9container13CallbackArrayILj3EE3addEPFvvEj+0x28>
     862:	03 c0       	rjmp	.+6      	; 0x86a <_ZN9container13CallbackArrayILj3EE3addEPFvvEj+0x2a>
     864:	81 e0       	ldi	r24, 0x01	; 1
     866:	01 c0       	rjmp	.+2      	; 0x86a <_ZN9container13CallbackArrayILj3EE3addEPFvvEj+0x2a>
     868:	80 e0       	ldi	r24, 0x00	; 0
     86a:	81 11       	cpse	r24, r1
     86c:	08 c0       	rjmp	.+16     	; 0x87e <_ZN9container13CallbackArrayILj3EE3addEPFvvEj+0x3e>
     86e:	cc 0f       	add	r28, r28
     870:	dd 1f       	adc	r29, r29
     872:	c0 0f       	add	r28, r16
     874:	d1 1f       	adc	r29, r17
     876:	f9 82       	std	Y+1, r15	; 0x01
     878:	e8 82       	st	Y, r14
     87a:	81 e0       	ldi	r24, 0x01	; 1
     87c:	01 c0       	rjmp	.+2      	; 0x880 <_ZN9container13CallbackArrayILj3EE3addEPFvvEj+0x40>
     87e:	80 e0       	ldi	r24, 0x00	; 0
     880:	df 91       	pop	r29
     882:	cf 91       	pop	r28
     884:	1f 91       	pop	r17
     886:	0f 91       	pop	r16
     888:	ff 90       	pop	r15
     88a:	ef 90       	pop	r14
     88c:	08 95       	ret

0000088e <_ZNK6driver4gpio10Atmega328p11setCallbackEPFvvE>:
     88e:	dc 01       	movw	r26, r24
     890:	12 96       	adiw	r26, 0x02	; 2
     892:	ed 91       	ld	r30, X+
     894:	fc 91       	ld	r31, X
     896:	13 97       	sbiw	r26, 0x03	; 3
     898:	02 80       	ldd	r0, Z+2	; 0x02
     89a:	f3 81       	ldd	r31, Z+3	; 0x03
     89c:	e0 2d       	mov	r30, r0
     89e:	90 81       	ld	r25, Z
     8a0:	85 b1       	in	r24, 0x05	; 5
     8a2:	98 13       	cpse	r25, r24
     8a4:	07 c0       	rjmp	.+14     	; 0x8b4 <_ZNK6driver4gpio10Atmega328p11setCallbackEPFvvE+0x26>
     8a6:	40 e0       	ldi	r20, 0x00	; 0
     8a8:	50 e0       	ldi	r21, 0x00	; 0
     8aa:	88 ea       	ldi	r24, 0xA8	; 168
     8ac:	92 e0       	ldi	r25, 0x02	; 2
     8ae:	0e 94 20 04 	call	0x840	; 0x840 <_ZN9container13CallbackArrayILj3EE3addEPFvvEj>
     8b2:	08 95       	ret
     8b4:	90 81       	ld	r25, Z
     8b6:	88 b1       	in	r24, 0x08	; 8
     8b8:	98 13       	cpse	r25, r24
     8ba:	07 c0       	rjmp	.+14     	; 0x8ca <_ZNK6driver4gpio10Atmega328p11setCallbackEPFvvE+0x3c>
     8bc:	41 e0       	ldi	r20, 0x01	; 1
     8be:	50 e0       	ldi	r21, 0x00	; 0
     8c0:	88 ea       	ldi	r24, 0xA8	; 168
     8c2:	92 e0       	ldi	r25, 0x02	; 2
     8c4:	0e 94 20 04 	call	0x840	; 0x840 <_ZN9container13CallbackArrayILj3EE3addEPFvvEj>
     8c8:	08 95       	ret
     8ca:	90 81       	ld	r25, Z
     8cc:	8b b1       	in	r24, 0x0b	; 11
     8ce:	98 13       	cpse	r25, r24
     8d0:	06 c0       	rjmp	.+12     	; 0x8de <_ZNK6driver4gpio10Atmega328p11setCallbackEPFvvE+0x50>
     8d2:	42 e0       	ldi	r20, 0x02	; 2
     8d4:	50 e0       	ldi	r21, 0x00	; 0
     8d6:	88 ea       	ldi	r24, 0xA8	; 168
     8d8:	92 e0       	ldi	r25, 0x02	; 2
     8da:	0e 94 20 04 	call	0x840	; 0x840 <_ZN9container13CallbackArrayILj3EE3addEPFvvEj>
     8de:	08 95       	ret

000008e0 <_ZN6driver4gpio10Atmega328pC1EhNS1_9DirectionEPFvvE>:
     8e0:	ef 92       	push	r14
     8e2:	ff 92       	push	r15
     8e4:	0f 93       	push	r16
     8e6:	1f 93       	push	r17
     8e8:	cf 93       	push	r28
     8ea:	df 93       	push	r29
     8ec:	8c 01       	movw	r16, r24
     8ee:	c6 2f       	mov	r28, r22
     8f0:	d4 2f       	mov	r29, r20
     8f2:	79 01       	movw	r14, r18
     8f4:	88 e9       	ldi	r24, 0x98	; 152
     8f6:	91 e0       	ldi	r25, 0x01	; 1
     8f8:	f8 01       	movw	r30, r16
     8fa:	91 83       	std	Z+1, r25	; 0x01
     8fc:	80 83       	st	Z, r24
     8fe:	64 2f       	mov	r22, r20
     900:	8c 2f       	mov	r24, r28
     902:	0e 94 72 03 	call	0x6e4	; 0x6e4 <_ZN6driver4gpio10Atmega328p7reserveEhNS1_9DirectionE>
     906:	9c 01       	movw	r18, r24
     908:	f8 01       	movw	r30, r16
     90a:	93 83       	std	Z+3, r25	; 0x03
     90c:	82 83       	std	Z+2, r24	; 0x02
     90e:	c8 30       	cpi	r28, 0x08	; 8
     910:	20 f0       	brcs	.+8      	; 0x91a <__stack+0x1b>
     912:	ce 30       	cpi	r28, 0x0E	; 14
     914:	20 f0       	brcs	.+8      	; 0x91e <__stack+0x1f>
     916:	90 e0       	ldi	r25, 0x00	; 0
     918:	03 c0       	rjmp	.+6      	; 0x920 <__stack+0x21>
     91a:	90 e0       	ldi	r25, 0x00	; 0
     91c:	01 c0       	rjmp	.+2      	; 0x920 <__stack+0x21>
     91e:	91 e0       	ldi	r25, 0x01	; 1
     920:	99 23       	and	r25, r25
     922:	11 f0       	breq	.+4      	; 0x928 <__stack+0x29>
     924:	c8 50       	subi	r28, 0x08	; 8
     926:	0f c0       	rjmp	.+30     	; 0x946 <__stack+0x47>
     928:	ce 30       	cpi	r28, 0x0E	; 14
     92a:	18 f0       	brcs	.+6      	; 0x932 <__stack+0x33>
     92c:	c4 31       	cpi	r28, 0x14	; 20
     92e:	08 f4       	brcc	.+2      	; 0x932 <__stack+0x33>
     930:	91 e0       	ldi	r25, 0x01	; 1
     932:	99 23       	and	r25, r25
     934:	11 f0       	breq	.+4      	; 0x93a <__stack+0x3b>
     936:	ce 50       	subi	r28, 0x0E	; 14
     938:	06 c0       	rjmp	.+12     	; 0x946 <__stack+0x47>
     93a:	c6 30       	cpi	r28, 0x06	; 6
     93c:	08 f4       	brcc	.+2      	; 0x940 <__stack+0x41>
     93e:	91 e0       	ldi	r25, 0x01	; 1
     940:	91 11       	cpse	r25, r1
     942:	01 c0       	rjmp	.+2      	; 0x946 <__stack+0x47>
     944:	cf ef       	ldi	r28, 0xFF	; 255
     946:	f8 01       	movw	r30, r16
     948:	c4 83       	std	Z+4, r28	; 0x04
     94a:	23 2b       	or	r18, r19
     94c:	59 f0       	breq	.+22     	; 0x964 <__stack+0x65>
     94e:	6d 2f       	mov	r22, r29
     950:	c8 01       	movw	r24, r16
     952:	0e 94 dc 03 	call	0x7b8	; 0x7b8 <_ZN6driver4gpio10Atmega328p12setDirectionENS1_9DirectionE>
     956:	e1 14       	cp	r14, r1
     958:	f1 04       	cpc	r15, r1
     95a:	21 f0       	breq	.+8      	; 0x964 <__stack+0x65>
     95c:	b7 01       	movw	r22, r14
     95e:	c8 01       	movw	r24, r16
     960:	0e 94 47 04 	call	0x88e	; 0x88e <_ZNK6driver4gpio10Atmega328p11setCallbackEPFvvE>
     964:	df 91       	pop	r29
     966:	cf 91       	pop	r28
     968:	1f 91       	pop	r17
     96a:	0f 91       	pop	r16
     96c:	ff 90       	pop	r15
     96e:	ef 90       	pop	r14
     970:	08 95       	ret

00000972 <_ZNK9container13CallbackArrayILj3EE17isCallbackDefinedEj>:
     972:	66 0f       	add	r22, r22
     974:	77 1f       	adc	r23, r23
     976:	86 0f       	add	r24, r22
     978:	97 1f       	adc	r25, r23
     97a:	fc 01       	movw	r30, r24
     97c:	20 81       	ld	r18, Z
     97e:	31 81       	ldd	r19, Z+1	; 0x01
     980:	81 e0       	ldi	r24, 0x01	; 1
     982:	23 2b       	or	r18, r19
     984:	09 f4       	brne	.+2      	; 0x988 <_ZNK9container13CallbackArrayILj3EE17isCallbackDefinedEj+0x16>
     986:	80 e0       	ldi	r24, 0x00	; 0
     988:	08 95       	ret

0000098a <_ZN9container13CallbackArrayILj3EE6invokeEj>:
     98a:	ef 92       	push	r14
     98c:	ff 92       	push	r15
     98e:	1f 93       	push	r17
     990:	cf 93       	push	r28
     992:	df 93       	push	r29
     994:	7c 01       	movw	r14, r24
     996:	eb 01       	movw	r28, r22
     998:	0e 94 1a 04 	call	0x834	; 0x834 <_ZNK9container13CallbackArrayILj3EE12isIndexValidEj>
     99c:	18 2f       	mov	r17, r24
     99e:	88 23       	and	r24, r24
     9a0:	41 f0       	breq	.+16     	; 0x9b2 <_ZN9container13CallbackArrayILj3EE6invokeEj+0x28>
     9a2:	be 01       	movw	r22, r28
     9a4:	c7 01       	movw	r24, r14
     9a6:	0e 94 b9 04 	call	0x972	; 0x972 <_ZNK9container13CallbackArrayILj3EE17isCallbackDefinedEj>
     9aa:	88 23       	and	r24, r24
     9ac:	19 f0       	breq	.+6      	; 0x9b4 <_ZN9container13CallbackArrayILj3EE6invokeEj+0x2a>
     9ae:	10 e0       	ldi	r17, 0x00	; 0
     9b0:	01 c0       	rjmp	.+2      	; 0x9b4 <_ZN9container13CallbackArrayILj3EE6invokeEj+0x2a>
     9b2:	11 e0       	ldi	r17, 0x01	; 1
     9b4:	11 11       	cpse	r17, r1
     9b6:	09 c0       	rjmp	.+18     	; 0x9ca <_ZN9container13CallbackArrayILj3EE6invokeEj+0x40>
     9b8:	cc 0f       	add	r28, r28
     9ba:	dd 1f       	adc	r29, r29
     9bc:	ce 0d       	add	r28, r14
     9be:	df 1d       	adc	r29, r15
     9c0:	e8 81       	ld	r30, Y
     9c2:	f9 81       	ldd	r31, Y+1	; 0x01
     9c4:	09 95       	icall
     9c6:	81 e0       	ldi	r24, 0x01	; 1
     9c8:	01 c0       	rjmp	.+2      	; 0x9cc <_ZN9container13CallbackArrayILj3EE6invokeEj+0x42>
     9ca:	80 e0       	ldi	r24, 0x00	; 0
     9cc:	df 91       	pop	r29
     9ce:	cf 91       	pop	r28
     9d0:	1f 91       	pop	r17
     9d2:	ff 90       	pop	r15
     9d4:	ef 90       	pop	r14
     9d6:	08 95       	ret

000009d8 <__vector_3>:
     9d8:	1f 92       	push	r1
     9da:	0f 92       	push	r0
     9dc:	0f b6       	in	r0, 0x3f	; 63
     9de:	0f 92       	push	r0
     9e0:	11 24       	eor	r1, r1
     9e2:	2f 93       	push	r18
     9e4:	3f 93       	push	r19
     9e6:	4f 93       	push	r20
     9e8:	5f 93       	push	r21
     9ea:	6f 93       	push	r22
     9ec:	7f 93       	push	r23
     9ee:	8f 93       	push	r24
     9f0:	9f 93       	push	r25
     9f2:	af 93       	push	r26
     9f4:	bf 93       	push	r27
     9f6:	ef 93       	push	r30
     9f8:	ff 93       	push	r31
     9fa:	60 e0       	ldi	r22, 0x00	; 0
     9fc:	70 e0       	ldi	r23, 0x00	; 0
     9fe:	88 ea       	ldi	r24, 0xA8	; 168
     a00:	92 e0       	ldi	r25, 0x02	; 2
     a02:	0e 94 c5 04 	call	0x98a	; 0x98a <_ZN9container13CallbackArrayILj3EE6invokeEj>
     a06:	ff 91       	pop	r31
     a08:	ef 91       	pop	r30
     a0a:	bf 91       	pop	r27
     a0c:	af 91       	pop	r26
     a0e:	9f 91       	pop	r25
     a10:	8f 91       	pop	r24
     a12:	7f 91       	pop	r23
     a14:	6f 91       	pop	r22
     a16:	5f 91       	pop	r21
     a18:	4f 91       	pop	r20
     a1a:	3f 91       	pop	r19
     a1c:	2f 91       	pop	r18
     a1e:	0f 90       	pop	r0
     a20:	0f be       	out	0x3f, r0	; 63
     a22:	0f 90       	pop	r0
     a24:	1f 90       	pop	r1
     a26:	18 95       	reti

00000a28 <__vector_4>:
     a28:	1f 92       	push	r1
     a2a:	0f 92       	push	r0
     a2c:	0f b6       	in	r0, 0x3f	; 63
     a2e:	0f 92       	push	r0
     a30:	11 24       	eor	r1, r1
     a32:	2f 93       	push	r18
     a34:	3f 93       	push	r19
     a36:	4f 93       	push	r20
     a38:	5f 93       	push	r21
     a3a:	6f 93       	push	r22
     a3c:	7f 93       	push	r23
     a3e:	8f 93       	push	r24
     a40:	9f 93       	push	r25
     a42:	af 93       	push	r26
     a44:	bf 93       	push	r27
     a46:	ef 93       	push	r30
     a48:	ff 93       	push	r31
     a4a:	61 e0       	ldi	r22, 0x01	; 1
     a4c:	70 e0       	ldi	r23, 0x00	; 0
     a4e:	88 ea       	ldi	r24, 0xA8	; 168
     a50:	92 e0       	ldi	r25, 0x02	; 2
     a52:	0e 94 c5 04 	call	0x98a	; 0x98a <_ZN9container13CallbackArrayILj3EE6invokeEj>
     a56:	ff 91       	pop	r31
     a58:	ef 91       	pop	r30
     a5a:	bf 91       	pop	r27
     a5c:	af 91       	pop	r26
     a5e:	9f 91       	pop	r25
     a60:	8f 91       	pop	r24
     a62:	7f 91       	pop	r23
     a64:	6f 91       	pop	r22
     a66:	5f 91       	pop	r21
     a68:	4f 91       	pop	r20
     a6a:	3f 91       	pop	r19
     a6c:	2f 91       	pop	r18
     a6e:	0f 90       	pop	r0
     a70:	0f be       	out	0x3f, r0	; 63
     a72:	0f 90       	pop	r0
     a74:	1f 90       	pop	r1
     a76:	18 95       	reti

00000a78 <__vector_5>:
     a78:	1f 92       	push	r1
     a7a:	0f 92       	push	r0
     a7c:	0f b6       	in	r0, 0x3f	; 63
     a7e:	0f 92       	push	r0
     a80:	11 24       	eor	r1, r1
     a82:	2f 93       	push	r18
     a84:	3f 93       	push	r19
     a86:	4f 93       	push	r20
     a88:	5f 93       	push	r21
     a8a:	6f 93       	push	r22
     a8c:	7f 93       	push	r23
     a8e:	8f 93       	push	r24
     a90:	9f 93       	push	r25
     a92:	af 93       	push	r26
     a94:	bf 93       	push	r27
     a96:	ef 93       	push	r30
     a98:	ff 93       	push	r31
     a9a:	62 e0       	ldi	r22, 0x02	; 2
     a9c:	70 e0       	ldi	r23, 0x00	; 0
     a9e:	88 ea       	ldi	r24, 0xA8	; 168
     aa0:	92 e0       	ldi	r25, 0x02	; 2
     aa2:	0e 94 c5 04 	call	0x98a	; 0x98a <_ZN9container13CallbackArrayILj3EE6invokeEj>
     aa6:	ff 91       	pop	r31
     aa8:	ef 91       	pop	r30
     aaa:	bf 91       	pop	r27
     aac:	af 91       	pop	r26
     aae:	9f 91       	pop	r25
     ab0:	8f 91       	pop	r24
     ab2:	7f 91       	pop	r23
     ab4:	6f 91       	pop	r22
     ab6:	5f 91       	pop	r21
     ab8:	4f 91       	pop	r20
     aba:	3f 91       	pop	r19
     abc:	2f 91       	pop	r18
     abe:	0f 90       	pop	r0
     ac0:	0f be       	out	0x3f, r0	; 63
     ac2:	0f 90       	pop	r0
     ac4:	1f 90       	pop	r1
     ac6:	18 95       	reti

00000ac8 <_Z41__static_initialization_and_destruction_0ii>:

// -----------------------------------------------------------------------------
ISR (PCINT2_vect) { invokeCallback(CallbackIndex::PortD); }

} // namespace gpio
} // namespace driver
     ac8:	01 97       	sbiw	r24, 0x01	; 1
     aca:	39 f4       	brne	.+14     	; 0xada <_Z41__static_initialization_and_destruction_0ii+0x12>
     acc:	6f 3f       	cpi	r22, 0xFF	; 255
     ace:	7f 4f       	sbci	r23, 0xFF	; 255
     ad0:	21 f4       	brne	.+8      	; 0xada <_Z41__static_initialization_and_destruction_0ii+0x12>
    /** Pin registry (1 = reserved, 0 = free). */
    static uint32_t pinRegistry;
};

/** Pointers to callbacks. */
container::CallbackArray<GpioParam::IoPortCount> GpioParam::callbacks{};
     ad2:	88 ea       	ldi	r24, 0xA8	; 168
     ad4:	92 e0       	ldi	r25, 0x02	; 2
     ad6:	0e 94 17 04 	call	0x82e	; 0x82e <_ZN9container13CallbackArrayILj3EEC1Ev>
     ada:	08 95       	ret

00000adc <_GLOBAL__sub_I__ZN6driver4gpio10Atmega328p9myHwPortBE>:

// -----------------------------------------------------------------------------
ISR (PCINT2_vect) { invokeCallback(CallbackIndex::PortD); }

} // namespace gpio
} // namespace driver
     adc:	6f ef       	ldi	r22, 0xFF	; 255
     ade:	7f ef       	ldi	r23, 0xFF	; 255
     ae0:	81 e0       	ldi	r24, 0x01	; 1
     ae2:	90 e0       	ldi	r25, 0x00	; 0
     ae4:	0e 94 64 05 	call	0xac8	; 0xac8 <_Z41__static_initialization_and_destruction_0ii>
     ae8:	08 95       	ret

00000aea <_GLOBAL__sub_D__ZN6driver4gpio10Atmega328p9myHwPortBE>:
     aea:	6f ef       	ldi	r22, 0xFF	; 255
     aec:	7f ef       	ldi	r23, 0xFF	; 255
     aee:	80 e0       	ldi	r24, 0x00	; 0
     af0:	90 e0       	ldi	r25, 0x00	; 0
     af2:	0e 94 64 05 	call	0xac8	; 0xac8 <_Z41__static_initialization_and_destruction_0ii>
     af6:	08 95       	ret

00000af8 <_ZN6driver6serial12_GLOBAL__N_112transmitCharEc>:
    static constexpr char NewLine{'\n'};
};

// -----------------------------------------------------------------------------
void transmitChar(const char character) noexcept
{
     af8:	0f 93       	push	r16
     afa:	e8 2f       	mov	r30, r24
// -----------------------------------------------------------------------------
template <typename T>
constexpr bool read(const volatile T& reg, const uint8_t bit) noexcept  
{
    static_assert(type_traits::is_unsigned<T>::value, "Invalid data type used for bit operation!");
    return reg & (1ULL << bit);
     afc:	20 91 c0 00 	lds	r18, 0x00C0	; 0x8000c0 <__TEXT_REGION_LENGTH__+0x7f80c0>
     b00:	30 e0       	ldi	r19, 0x00	; 0
     b02:	40 e0       	ldi	r20, 0x00	; 0
     b04:	50 e0       	ldi	r21, 0x00	; 0
     b06:	60 e0       	ldi	r22, 0x00	; 0
     b08:	70 e0       	ldi	r23, 0x00	; 0
     b0a:	80 e0       	ldi	r24, 0x00	; 0
     b0c:	90 e0       	ldi	r25, 0x00	; 0
     b0e:	05 e0       	ldi	r16, 0x05	; 5
     b10:	0e 94 a9 0e 	call	0x1d52	; 0x1d52 <__lshrdi3>
     b14:	21 70       	andi	r18, 0x01	; 1
    // Wait until the previous character has been sent.
    while (!utils::read(UCSR0A, UDRE0));
     b16:	30 e0       	ldi	r19, 0x00	; 0
     b18:	40 e0       	ldi	r20, 0x00	; 0
     b1a:	50 e0       	ldi	r21, 0x00	; 0
     b1c:	60 e0       	ldi	r22, 0x00	; 0
     b1e:	70 e0       	ldi	r23, 0x00	; 0
     b20:	80 e0       	ldi	r24, 0x00	; 0
     b22:	90 e0       	ldi	r25, 0x00	; 0
     b24:	a0 e0       	ldi	r26, 0x00	; 0
     b26:	0e 94 c5 0e 	call	0x1d8a	; 0x1d8a <__cmpdi2_s8>
     b2a:	41 f3       	breq	.-48     	; 0xafc <_ZN6driver6serial12_GLOBAL__N_112transmitCharEc+0x4>

    // Put the new character in the transmission register.
    UDR0 = character;
     b2c:	e0 93 c6 00 	sts	0x00C6, r30	; 0x8000c6 <__TEXT_REGION_LENGTH__+0x7f80c6>
}
     b30:	0f 91       	pop	r16
     b32:	08 95       	ret

00000b34 <__tcf_0>:
{
public:
    /**
     * @brief Delete the serial device.
     */
    virtual ~Interface() noexcept = default;
     b34:	8c ea       	ldi	r24, 0xAC	; 172
     b36:	91 e0       	ldi	r25, 0x01	; 1
     b38:	90 93 af 02 	sts	0x02AF, r25	; 0x8002af <_ZZN6driver6serial10Atmega328p11getInstanceEvE10myInstance+0x1>
     b3c:	80 93 ae 02 	sts	0x02AE, r24	; 0x8002ae <_ZZN6driver6serial10Atmega328p11getInstanceEvE10myInstance>
     b40:	08 95       	ret

00000b42 <_ZNK6driver6serial10Atmega328p12baudRate_bpsEv>:
    // Return a reference to the singleton serial instance, cast to the corresponding interface.
    return myInstance; 
}

// -----------------------------------------------------------------------------
uint32_t Atmega328p::baudRate_bps() const { return Param::BaudRate_bps; }
     b42:	60 e8       	ldi	r22, 0x80	; 128
     b44:	75 e2       	ldi	r23, 0x25	; 37
     b46:	80 e0       	ldi	r24, 0x00	; 0
     b48:	90 e0       	ldi	r25, 0x00	; 0
     b4a:	08 95       	ret

00000b4c <_ZNK6driver6serial10Atmega328p13isInitializedEv>:

// -----------------------------------------------------------------------------
bool Atmega328p::isInitialized() const noexcept { return true; }
     b4c:	81 e0       	ldi	r24, 0x01	; 1
     b4e:	08 95       	ret

00000b50 <_ZNK6driver6serial10Atmega328p9isEnabledEv>:

// -----------------------------------------------------------------------------
bool Atmega328p::isEnabled() const noexcept { return myEnabled; }
     b50:	fc 01       	movw	r30, r24
     b52:	82 81       	ldd	r24, Z+2	; 0x02
     b54:	08 95       	ret

00000b56 <_ZN6driver6serial10Atmega328p10setEnabledEb>:

// -----------------------------------------------------------------------------
void Atmega328p::setEnabled(const bool enable) noexcept { myEnabled = enable; }
     b56:	fc 01       	movw	r30, r24
     b58:	62 83       	std	Z+2, r22	; 0x02
     b5a:	08 95       	ret

00000b5c <_ZNK6driver6serial10Atmega328p5printEPKc>:
    UDR0 = Param::CarriageReturn;
}

// -----------------------------------------------------------------------------
void Atmega328p::print(const char* message) const noexcept
{
     b5c:	cf 93       	push	r28
     b5e:	df 93       	push	r29
     b60:	eb 01       	movw	r28, r22
    // Terminate the function if serial transmission isn't enabled.
    if (!myEnabled) { return; }
     b62:	fc 01       	movw	r30, r24
     b64:	82 81       	ldd	r24, Z+2	; 0x02
     b66:	88 23       	and	r24, r24
     b68:	69 f0       	breq	.+26     	; 0xb84 <_ZNK6driver6serial10Atmega328p5printEPKc+0x28>

    // Transmit each character of the string one by one.
    for (const char* it{message}; *it; ++it)
     b6a:	88 81       	ld	r24, Y
     b6c:	88 23       	and	r24, r24
     b6e:	51 f0       	breq	.+20     	; 0xb84 <_ZNK6driver6serial10Atmega328p5printEPKc+0x28>
    {
        transmitChar(*it);
     b70:	0e 94 7c 05 	call	0xaf8	; 0xaf8 <_ZN6driver6serial12_GLOBAL__N_112transmitCharEc>
        
        // Send new line characters instead of carriage returns.
        if (Param::CarriageReturn == *it) 
     b74:	88 81       	ld	r24, Y
     b76:	8d 30       	cpi	r24, 0x0D	; 13
     b78:	19 f4       	brne	.+6      	; 0xb80 <_ZNK6driver6serial10Atmega328p5printEPKc+0x24>
        { 
            transmitChar(Param::NewLine); 
     b7a:	8a e0       	ldi	r24, 0x0A	; 10
     b7c:	0e 94 7c 05 	call	0xaf8	; 0xaf8 <_ZN6driver6serial12_GLOBAL__N_112transmitCharEc>
{
    // Terminate the function if serial transmission isn't enabled.
    if (!myEnabled) { return; }

    // Transmit each character of the string one by one.
    for (const char* it{message}; *it; ++it)
     b80:	21 96       	adiw	r28, 0x01	; 1
     b82:	f3 cf       	rjmp	.-26     	; 0xb6a <_ZNK6driver6serial10Atmega328p5printEPKc+0xe>
        if (Param::CarriageReturn == *it) 
        { 
            transmitChar(Param::NewLine); 
        }
    }
}
     b84:	df 91       	pop	r29
     b86:	cf 91       	pop	r28
     b88:	08 95       	ret

00000b8a <_ZN6driver6serial10Atmega328pD1Ev>:
     b8a:	2c ea       	ldi	r18, 0xAC	; 172
     b8c:	31 e0       	ldi	r19, 0x01	; 1
     b8e:	fc 01       	movw	r30, r24
     b90:	31 83       	std	Z+1, r19	; 0x01
     b92:	20 83       	st	Z, r18
     b94:	08 95       	ret

00000b96 <_ZN6driver6serial10Atmega328pD0Ev>:
     b96:	2c ea       	ldi	r18, 0xAC	; 172
     b98:	31 e0       	ldi	r19, 0x01	; 1
     b9a:	fc 01       	movw	r30, r24
     b9c:	31 83       	std	Z+1, r19	; 0x01
     b9e:	20 83       	st	Z, r18
    Atmega328p() noexcept;

    /**
     * @brief Delete the serial device.
     */
    ~Atmega328p() noexcept override = default;
     ba0:	63 e0       	ldi	r22, 0x03	; 3
     ba2:	70 e0       	ldi	r23, 0x00	; 0
     ba4:	0e 94 76 0c 	call	0x18ec	; 0x18ec <_ZdlPvj>
     ba8:	08 95       	ret

00000baa <_ZN6driver6serial10Atmega328pC1Ev>:
// -----------------------------------------------------------------------------
void Atmega328p::setEnabled(const bool enable) noexcept { myEnabled = enable; }

// -----------------------------------------------------------------------------
Atmega328p::Atmega328p() noexcept 
    : myEnabled{true}
     baa:	2e eb       	ldi	r18, 0xBE	; 190
     bac:	31 e0       	ldi	r19, 0x01	; 1
     bae:	fc 01       	movw	r30, r24
     bb0:	31 83       	std	Z+1, r19	; 0x01
     bb2:	20 83       	st	Z, r18
     bb4:	21 e0       	ldi	r18, 0x01	; 1
     bb6:	22 83       	std	Z+2, r18	; 0x02
// -----------------------------------------------------------------------------
template <typename T>
constexpr void set(volatile T& reg, const uint8_t bit) noexcept
{
    static_assert(type_traits::is_unsigned<T>::value, "Invalid data type used for bit operation!");
    reg |= (1ULL << bit);
     bb8:	e1 ec       	ldi	r30, 0xC1	; 193
     bba:	f0 e0       	ldi	r31, 0x00	; 0
     bbc:	80 81       	ld	r24, Z
     bbe:	88 60       	ori	r24, 0x08	; 8
     bc0:	80 83       	st	Z, r24
     bc2:	e2 ec       	ldi	r30, 0xC2	; 194
     bc4:	f0 e0       	ldi	r31, 0x00	; 0
     bc6:	80 81       	ld	r24, Z
     bc8:	82 60       	ori	r24, 0x02	; 2
     bca:	80 83       	st	Z, r24
     bcc:	80 81       	ld	r24, Z
     bce:	84 60       	ori	r24, 0x04	; 4
     bd0:	80 83       	st	Z, r24

    // Set the data size to eight bits per byte.
    utils::set(UCSR0C, UCSZ00, UCSZ01);

    // Set the baud rate to 9600 kbps.
    UBRR0 = baudRateValue;
     bd2:	87 e6       	ldi	r24, 0x67	; 103
     bd4:	90 e0       	ldi	r25, 0x00	; 0
     bd6:	90 93 c5 00 	sts	0x00C5, r25	; 0x8000c5 <__TEXT_REGION_LENGTH__+0x7f80c5>
     bda:	80 93 c4 00 	sts	0x00C4, r24	; 0x8000c4 <__TEXT_REGION_LENGTH__+0x7f80c4>

    // Send carriage return to align the first message left.
    UDR0 = Param::CarriageReturn;
     bde:	8d e0       	ldi	r24, 0x0D	; 13
     be0:	80 93 c6 00 	sts	0x00C6, r24	; 0x8000c6 <__TEXT_REGION_LENGTH__+0x7f80c6>
     be4:	08 95       	ret

00000be6 <_ZN6driver6serial10Atmega328p11getInstanceEv>:

// -----------------------------------------------------------------------------
Interface& Atmega328p::getInstance() noexcept
{ 
    // Create and initialize the singleton serial instance (once only).
    static Atmega328p myInstance{};
     be6:	80 91 b1 02 	lds	r24, 0x02B1	; 0x8002b1 <_ZGVZN6driver6serial10Atmega328p11getInstanceEvE10myInstance>
     bea:	81 11       	cpse	r24, r1
     bec:	12 c0       	rjmp	.+36     	; 0xc12 <_ZN6driver6serial10Atmega328p11getInstanceEv+0x2c>
     bee:	81 eb       	ldi	r24, 0xB1	; 177
     bf0:	92 e0       	ldi	r25, 0x02	; 2
     bf2:	0e 94 78 0c 	call	0x18f0	; 0x18f0 <__cxa_guard_acquire>
     bf6:	89 2b       	or	r24, r25
     bf8:	61 f0       	breq	.+24     	; 0xc12 <_ZN6driver6serial10Atmega328p11getInstanceEv+0x2c>
     bfa:	8e ea       	ldi	r24, 0xAE	; 174
     bfc:	92 e0       	ldi	r25, 0x02	; 2
     bfe:	0e 94 d5 05 	call	0xbaa	; 0xbaa <_ZN6driver6serial10Atmega328pC1Ev>
     c02:	81 eb       	ldi	r24, 0xB1	; 177
     c04:	92 e0       	ldi	r25, 0x02	; 2
     c06:	0e 94 81 0c 	call	0x1902	; 0x1902 <__cxa_guard_release>
     c0a:	8a e9       	ldi	r24, 0x9A	; 154
     c0c:	95 e0       	ldi	r25, 0x05	; 5
     c0e:	0e 94 76 00 	call	0xec	; 0xec <atexit>

    // Return a reference to the singleton serial instance, cast to the corresponding interface.
    return myInstance; 
}
     c12:	8e ea       	ldi	r24, 0xAE	; 174
     c14:	92 e0       	ldi	r25, 0x02	; 2
     c16:	08 95       	ret

00000c18 <_ZNK6driver5timer10Atmega328p13isInitializedEv>:
     c18:	21 e0       	ldi	r18, 0x01	; 1
     c1a:	fc 01       	movw	r30, r24
     c1c:	82 81       	ldd	r24, Z+2	; 0x02
     c1e:	93 81       	ldd	r25, Z+3	; 0x03
     c20:	89 2b       	or	r24, r25
     c22:	09 f4       	brne	.+2      	; 0xc26 <_ZNK6driver5timer10Atmega328p13isInitializedEv+0xe>
     c24:	20 e0       	ldi	r18, 0x00	; 0
     c26:	82 2f       	mov	r24, r18
     c28:	08 95       	ret

00000c2a <_ZNK6driver5timer10Atmega328p9isEnabledEv>:
     c2a:	fc 01       	movw	r30, r24
     c2c:	80 85       	ldd	r24, Z+8	; 0x08
     c2e:	08 95       	ret

00000c30 <_ZN6driver5timer10Atmega328p11hasTimedOutEv>:
     c30:	0f 93       	push	r16
     c32:	1f 93       	push	r17
     c34:	fc 01       	movw	r30, r24
     c36:	90 85       	ldd	r25, Z+8	; 0x08
     c38:	99 23       	and	r25, r25
     c3a:	81 f0       	breq	.+32     	; 0xc5c <_ZN6driver5timer10Atmega328p11hasTimedOutEv+0x2c>
     c3c:	a2 81       	ldd	r26, Z+2	; 0x02
     c3e:	b3 81       	ldd	r27, Z+3	; 0x03
     c40:	0d 91       	ld	r16, X+
     c42:	1d 91       	ld	r17, X+
     c44:	2d 91       	ld	r18, X+
     c46:	3c 91       	ld	r19, X
     c48:	44 81       	ldd	r20, Z+4	; 0x04
     c4a:	55 81       	ldd	r21, Z+5	; 0x05
     c4c:	66 81       	ldd	r22, Z+6	; 0x06
     c4e:	77 81       	ldd	r23, Z+7	; 0x07
     c50:	04 17       	cp	r16, r20
     c52:	15 07       	cpc	r17, r21
     c54:	26 07       	cpc	r18, r22
     c56:	37 07       	cpc	r19, r23
     c58:	18 f4       	brcc	.+6      	; 0xc60 <_ZN6driver5timer10Atmega328p11hasTimedOutEv+0x30>
     c5a:	03 c0       	rjmp	.+6      	; 0xc62 <_ZN6driver5timer10Atmega328p11hasTimedOutEv+0x32>
     c5c:	91 e0       	ldi	r25, 0x01	; 1
     c5e:	01 c0       	rjmp	.+2      	; 0xc62 <_ZN6driver5timer10Atmega328p11hasTimedOutEv+0x32>
     c60:	90 e0       	ldi	r25, 0x00	; 0
     c62:	91 11       	cpse	r25, r1
     c64:	09 c0       	rjmp	.+18     	; 0xc78 <_ZN6driver5timer10Atmega328p11hasTimedOutEv+0x48>
     c66:	02 80       	ldd	r0, Z+2	; 0x02
     c68:	f3 81       	ldd	r31, Z+3	; 0x03
     c6a:	e0 2d       	mov	r30, r0
     c6c:	10 82       	st	Z, r1
     c6e:	11 82       	std	Z+1, r1	; 0x01
     c70:	12 82       	std	Z+2, r1	; 0x02
     c72:	13 82       	std	Z+3, r1	; 0x03
     c74:	81 e0       	ldi	r24, 0x01	; 1
     c76:	01 c0       	rjmp	.+2      	; 0xc7a <_ZN6driver5timer10Atmega328p11hasTimedOutEv+0x4a>
     c78:	80 e0       	ldi	r24, 0x00	; 0
     c7a:	1f 91       	pop	r17
     c7c:	0f 91       	pop	r16
     c7e:	08 95       	ret

00000c80 <_ZNK6driver5timer10Atmega328p10timeout_msEv>:
     c80:	fc 01       	movw	r30, r24
     c82:	64 81       	ldd	r22, Z+4	; 0x04
     c84:	75 81       	ldd	r23, Z+5	; 0x05
     c86:	86 81       	ldd	r24, Z+6	; 0x06
     c88:	97 81       	ldd	r25, Z+7	; 0x07
     c8a:	0e 94 93 0d 	call	0x1b26	; 0x1b26 <__floatunsisf>
     c8e:	2f e6       	ldi	r18, 0x6F	; 111
     c90:	32 e1       	ldi	r19, 0x12	; 18
     c92:	43 e0       	ldi	r20, 0x03	; 3
     c94:	5e e3       	ldi	r21, 0x3E	; 62
     c96:	0e 94 21 0e 	call	0x1c42	; 0x1c42 <__mulsf3>
     c9a:	20 e0       	ldi	r18, 0x00	; 0
     c9c:	30 e0       	ldi	r19, 0x00	; 0
     c9e:	40 e0       	ldi	r20, 0x00	; 0
     ca0:	5f e3       	ldi	r21, 0x3F	; 63
     ca2:	0e 94 86 0c 	call	0x190c	; 0x190c <__addsf3>
     ca6:	0e 94 64 0d 	call	0x1ac8	; 0x1ac8 <__fixunssfsi>
     caa:	08 95       	ret

00000cac <_ZN6driver5timer10Atmega328p4stopEv>:
     cac:	dc 01       	movw	r26, r24
     cae:	12 96       	adiw	r26, 0x02	; 2
     cb0:	ed 91       	ld	r30, X+
     cb2:	fc 91       	ld	r31, X
     cb4:	13 97       	sbiw	r26, 0x03	; 3
     cb6:	04 80       	ldd	r0, Z+4	; 0x04
     cb8:	f5 81       	ldd	r31, Z+5	; 0x05
     cba:	e0 2d       	mov	r30, r0
     cbc:	10 82       	st	Z, r1
     cbe:	18 96       	adiw	r26, 0x08	; 8
     cc0:	1c 92       	st	X, r1
     cc2:	08 95       	ret

00000cc4 <_ZN6driver5timer10Atmega328p13setTimeout_msEm>:
     cc4:	cf 92       	push	r12
     cc6:	df 92       	push	r13
     cc8:	ef 92       	push	r14
     cca:	ff 92       	push	r15
     ccc:	cf 93       	push	r28
     cce:	df 93       	push	r29
     cd0:	ec 01       	movw	r28, r24
     cd2:	6a 01       	movw	r12, r20
     cd4:	7b 01       	movw	r14, r22
     cd6:	45 2b       	or	r20, r21
     cd8:	46 2b       	or	r20, r22
     cda:	47 2b       	or	r20, r23
     cdc:	11 f4       	brne	.+4      	; 0xce2 <_ZN6driver5timer10Atmega328p13setTimeout_msEm+0x1e>
     cde:	0e 94 56 06 	call	0xcac	; 0xcac <_ZN6driver5timer10Atmega328p4stopEv>
     ce2:	c1 14       	cp	r12, r1
     ce4:	d1 04       	cpc	r13, r1
     ce6:	e1 04       	cpc	r14, r1
     ce8:	f1 04       	cpc	r15, r1
     cea:	99 f0       	breq	.+38     	; 0xd12 <_ZN6driver5timer10Atmega328p13setTimeout_msEm+0x4e>
     cec:	c7 01       	movw	r24, r14
     cee:	b6 01       	movw	r22, r12
     cf0:	0e 94 93 0d 	call	0x1b26	; 0x1b26 <__floatunsisf>
     cf4:	2f e6       	ldi	r18, 0x6F	; 111
     cf6:	32 e1       	ldi	r19, 0x12	; 18
     cf8:	43 e0       	ldi	r20, 0x03	; 3
     cfa:	5e e3       	ldi	r21, 0x3E	; 62
     cfc:	0e 94 f2 0c 	call	0x19e4	; 0x19e4 <__divsf3>
     d00:	20 e0       	ldi	r18, 0x00	; 0
     d02:	30 e0       	ldi	r19, 0x00	; 0
     d04:	40 e0       	ldi	r20, 0x00	; 0
     d06:	5f e3       	ldi	r21, 0x3F	; 63
     d08:	0e 94 86 0c 	call	0x190c	; 0x190c <__addsf3>
     d0c:	0e 94 64 0d 	call	0x1ac8	; 0x1ac8 <__fixunssfsi>
     d10:	03 c0       	rjmp	.+6      	; 0xd18 <_ZN6driver5timer10Atmega328p13setTimeout_msEm+0x54>
     d12:	60 e0       	ldi	r22, 0x00	; 0
     d14:	70 e0       	ldi	r23, 0x00	; 0
     d16:	cb 01       	movw	r24, r22
     d18:	6c 83       	std	Y+4, r22	; 0x04
     d1a:	7d 83       	std	Y+5, r23	; 0x05
     d1c:	8e 83       	std	Y+6, r24	; 0x06
     d1e:	9f 83       	std	Y+7, r25	; 0x07
     d20:	df 91       	pop	r29
     d22:	cf 91       	pop	r28
     d24:	ff 90       	pop	r15
     d26:	ef 90       	pop	r14
     d28:	df 90       	pop	r13
     d2a:	cf 90       	pop	r12
     d2c:	08 95       	ret

00000d2e <_ZN6driver5timer10Atmega328p5startEv>:
     d2e:	0f 93       	push	r16
     d30:	cf 93       	push	r28
     d32:	df 93       	push	r29
     d34:	fc 01       	movw	r30, r24
     d36:	44 81       	ldd	r20, Z+4	; 0x04
     d38:	55 81       	ldd	r21, Z+5	; 0x05
     d3a:	66 81       	ldd	r22, Z+6	; 0x06
     d3c:	77 81       	ldd	r23, Z+7	; 0x07
     d3e:	45 2b       	or	r20, r21
     d40:	46 2b       	or	r20, r22
     d42:	47 2b       	or	r20, r23
     d44:	c1 f0       	breq	.+48     	; 0xd76 <_ZN6driver5timer10Atmega328p5startEv+0x48>
     d46:	ec 01       	movw	r28, r24
     d48:	0e 94 72 0c 	call	0x18e4	; 0x18e4 <_ZN5utils21globalInterruptEnableEv>
     d4c:	ea 81       	ldd	r30, Y+2	; 0x02
     d4e:	fb 81       	ldd	r31, Y+3	; 0x03
     d50:	06 81       	ldd	r16, Z+6	; 0x06
     d52:	04 80       	ldd	r0, Z+4	; 0x04
     d54:	f5 81       	ldd	r31, Z+5	; 0x05
     d56:	e0 2d       	mov	r30, r0
     d58:	a0 81       	ld	r26, Z
     d5a:	21 e0       	ldi	r18, 0x01	; 1
     d5c:	30 e0       	ldi	r19, 0x00	; 0
     d5e:	40 e0       	ldi	r20, 0x00	; 0
     d60:	50 e0       	ldi	r21, 0x00	; 0
     d62:	60 e0       	ldi	r22, 0x00	; 0
     d64:	70 e0       	ldi	r23, 0x00	; 0
     d66:	80 e0       	ldi	r24, 0x00	; 0
     d68:	90 e0       	ldi	r25, 0x00	; 0
     d6a:	0e 94 8e 0e 	call	0x1d1c	; 0x1d1c <__ashldi3>
     d6e:	2a 2b       	or	r18, r26
     d70:	20 83       	st	Z, r18
     d72:	81 e0       	ldi	r24, 0x01	; 1
     d74:	88 87       	std	Y+8, r24	; 0x08
     d76:	df 91       	pop	r29
     d78:	cf 91       	pop	r28
     d7a:	0f 91       	pop	r16
     d7c:	08 95       	ret

00000d7e <_ZN6driver5timer10Atmega328p6toggleEv>:
     d7e:	fc 01       	movw	r30, r24
     d80:	20 85       	ldd	r18, Z+8	; 0x08
     d82:	22 23       	and	r18, r18
     d84:	19 f0       	breq	.+6      	; 0xd8c <_ZN6driver5timer10Atmega328p6toggleEv+0xe>
     d86:	0e 94 56 06 	call	0xcac	; 0xcac <_ZN6driver5timer10Atmega328p4stopEv>
     d8a:	08 95       	ret
     d8c:	0e 94 97 06 	call	0xd2e	; 0xd2e <_ZN6driver5timer10Atmega328p5startEv>
     d90:	08 95       	ret

00000d92 <_ZN6driver5timer10Atmega328p7restartEv>:
     d92:	dc 01       	movw	r26, r24
     d94:	12 96       	adiw	r26, 0x02	; 2
     d96:	ed 91       	ld	r30, X+
     d98:	fc 91       	ld	r31, X
     d9a:	13 97       	sbiw	r26, 0x03	; 3
     d9c:	10 82       	st	Z, r1
     d9e:	11 82       	std	Z+1, r1	; 0x01
     da0:	12 82       	std	Z+2, r1	; 0x02
     da2:	13 82       	std	Z+3, r1	; 0x03
     da4:	0e 94 97 06 	call	0xd2e	; 0xd2e <_ZN6driver5timer10Atmega328p5startEv>
     da8:	08 95       	ret

00000daa <_ZN6driver5timer10Atmega328p9incrementEv>:
     daa:	fc 01       	movw	r30, r24
     dac:	80 85       	ldd	r24, Z+8	; 0x08
     dae:	88 23       	and	r24, r24
     db0:	79 f0       	breq	.+30     	; 0xdd0 <_ZN6driver5timer10Atmega328p9incrementEv+0x26>
     db2:	02 80       	ldd	r0, Z+2	; 0x02
     db4:	f3 81       	ldd	r31, Z+3	; 0x03
     db6:	e0 2d       	mov	r30, r0
     db8:	40 81       	ld	r20, Z
     dba:	51 81       	ldd	r21, Z+1	; 0x01
     dbc:	62 81       	ldd	r22, Z+2	; 0x02
     dbe:	73 81       	ldd	r23, Z+3	; 0x03
     dc0:	4f 5f       	subi	r20, 0xFF	; 255
     dc2:	5f 4f       	sbci	r21, 0xFF	; 255
     dc4:	6f 4f       	sbci	r22, 0xFF	; 255
     dc6:	7f 4f       	sbci	r23, 0xFF	; 255
     dc8:	40 83       	st	Z, r20
     dca:	51 83       	std	Z+1, r21	; 0x01
     dcc:	62 83       	std	Z+2, r22	; 0x02
     dce:	73 83       	std	Z+3, r23	; 0x03
     dd0:	08 95       	ret

00000dd2 <_ZN6driver5timer10Atmega328p8Hardware7releaseEPS2_>:
     dd2:	00 97       	sbiw	r24, 0x00	; 0
     dd4:	d9 f0       	breq	.+54     	; 0xe0c <_ZN6driver5timer10Atmega328p8Hardware7releaseEPS2_+0x3a>
     dd6:	dc 01       	movw	r26, r24
     dd8:	14 96       	adiw	r26, 0x04	; 4
     dda:	ed 91       	ld	r30, X+
     ddc:	fc 91       	ld	r31, X
     dde:	15 97       	sbiw	r26, 0x05	; 5
     de0:	10 82       	st	Z, r1
     de2:	17 96       	adiw	r26, 0x07	; 7
     de4:	2c 91       	ld	r18, X
     de6:	21 30       	cpi	r18, 0x01	; 1
     de8:	31 f0       	breq	.+12     	; 0xdf6 <_ZN6driver5timer10Atmega328p8Hardware7releaseEPS2_+0x24>
     dea:	18 f0       	brcs	.+6      	; 0xdf2 <_ZN6driver5timer10Atmega328p8Hardware7releaseEPS2_+0x20>
     dec:	22 30       	cpi	r18, 0x02	; 2
     dee:	51 f0       	breq	.+20     	; 0xe04 <_ZN6driver5timer10Atmega328p8Hardware7releaseEPS2_+0x32>
     df0:	0b c0       	rjmp	.+22     	; 0xe08 <_ZN6driver5timer10Atmega328p8Hardware7releaseEPS2_+0x36>
     df2:	15 bc       	out	0x25, r1	; 37
     df4:	09 c0       	rjmp	.+18     	; 0xe08 <_ZN6driver5timer10Atmega328p8Hardware7releaseEPS2_+0x36>
     df6:	10 92 81 00 	sts	0x0081, r1	; 0x800081 <__TEXT_REGION_LENGTH__+0x7f8081>
     dfa:	10 92 89 00 	sts	0x0089, r1	; 0x800089 <__TEXT_REGION_LENGTH__+0x7f8089>
     dfe:	10 92 88 00 	sts	0x0088, r1	; 0x800088 <__TEXT_REGION_LENGTH__+0x7f8088>
     e02:	02 c0       	rjmp	.+4      	; 0xe08 <_ZN6driver5timer10Atmega328p8Hardware7releaseEPS2_+0x36>
     e04:	10 92 b1 00 	sts	0x00B1, r1	; 0x8000b1 <__TEXT_REGION_LENGTH__+0x7f80b1>
     e08:	0e 94 6f 0f 	call	0x1ede	; 0x1ede <free>
     e0c:	08 95       	ret

00000e0e <_ZN6driver5timer10Atmega328p8Hardware4initEh>:
     e0e:	cf 93       	push	r28
     e10:	c8 2f       	mov	r28, r24
     e12:	88 e0       	ldi	r24, 0x08	; 8
     e14:	90 e0       	ldi	r25, 0x00	; 0
     e16:	0e 94 d7 0e 	call	0x1dae	; 0x1dae <malloc>
     e1a:	00 97       	sbiw	r24, 0x00	; 0
     e1c:	a9 f1       	breq	.+106    	; 0xe88 <_ZN6driver5timer10Atmega328p8Hardware4initEh+0x7a>
     e1e:	c1 30       	cpi	r28, 0x01	; 1
     e20:	69 f0       	breq	.+26     	; 0xe3c <_ZN6driver5timer10Atmega328p8Hardware4initEh+0x2e>
     e22:	18 f0       	brcs	.+6      	; 0xe2a <_ZN6driver5timer10Atmega328p8Hardware4initEh+0x1c>
     e24:	c2 30       	cpi	r28, 0x02	; 2
     e26:	d9 f0       	breq	.+54     	; 0xe5e <_ZN6driver5timer10Atmega328p8Hardware4initEh+0x50>
     e28:	24 c0       	rjmp	.+72     	; 0xe72 <_ZN6driver5timer10Atmega328p8Hardware4initEh+0x64>
     e2a:	2e e6       	ldi	r18, 0x6E	; 110
     e2c:	30 e0       	ldi	r19, 0x00	; 0
     e2e:	fc 01       	movw	r30, r24
     e30:	35 83       	std	Z+5, r19	; 0x05
     e32:	24 83       	std	Z+4, r18	; 0x04
     e34:	16 82       	std	Z+6, r1	; 0x06
     e36:	22 e0       	ldi	r18, 0x02	; 2
     e38:	25 bd       	out	0x25, r18	; 37
     e3a:	20 c0       	rjmp	.+64     	; 0xe7c <_ZN6driver5timer10Atmega328p8Hardware4initEh+0x6e>
     e3c:	2f e6       	ldi	r18, 0x6F	; 111
     e3e:	30 e0       	ldi	r19, 0x00	; 0
     e40:	fc 01       	movw	r30, r24
     e42:	35 83       	std	Z+5, r19	; 0x05
     e44:	24 83       	std	Z+4, r18	; 0x04
     e46:	21 e0       	ldi	r18, 0x01	; 1
     e48:	26 83       	std	Z+6, r18	; 0x06
     e4a:	2a e0       	ldi	r18, 0x0A	; 10
     e4c:	20 93 81 00 	sts	0x0081, r18	; 0x800081 <__TEXT_REGION_LENGTH__+0x7f8081>
     e50:	20 e0       	ldi	r18, 0x00	; 0
     e52:	31 e0       	ldi	r19, 0x01	; 1
     e54:	30 93 89 00 	sts	0x0089, r19	; 0x800089 <__TEXT_REGION_LENGTH__+0x7f8089>
     e58:	20 93 88 00 	sts	0x0088, r18	; 0x800088 <__TEXT_REGION_LENGTH__+0x7f8088>
     e5c:	0f c0       	rjmp	.+30     	; 0xe7c <_ZN6driver5timer10Atmega328p8Hardware4initEh+0x6e>
     e5e:	20 e7       	ldi	r18, 0x70	; 112
     e60:	30 e0       	ldi	r19, 0x00	; 0
     e62:	fc 01       	movw	r30, r24
     e64:	35 83       	std	Z+5, r19	; 0x05
     e66:	24 83       	std	Z+4, r18	; 0x04
     e68:	16 82       	std	Z+6, r1	; 0x06
     e6a:	22 e0       	ldi	r18, 0x02	; 2
     e6c:	20 93 b1 00 	sts	0x00B1, r18	; 0x8000b1 <__TEXT_REGION_LENGTH__+0x7f80b1>
     e70:	05 c0       	rjmp	.+10     	; 0xe7c <_ZN6driver5timer10Atmega328p8Hardware4initEh+0x6e>
     e72:	0e 94 6f 0f 	call	0x1ede	; 0x1ede <free>
     e76:	80 e0       	ldi	r24, 0x00	; 0
     e78:	90 e0       	ldi	r25, 0x00	; 0
     e7a:	06 c0       	rjmp	.+12     	; 0xe88 <_ZN6driver5timer10Atmega328p8Hardware4initEh+0x7a>
     e7c:	fc 01       	movw	r30, r24
     e7e:	10 82       	st	Z, r1
     e80:	11 82       	std	Z+1, r1	; 0x01
     e82:	12 82       	std	Z+2, r1	; 0x02
     e84:	13 82       	std	Z+3, r1	; 0x03
     e86:	c7 83       	std	Z+7, r28	; 0x07
     e88:	cf 91       	pop	r28
     e8a:	08 95       	ret

00000e8c <_ZN6driver5timer10Atmega328p8Hardware7reserveEv>:
     e8c:	80 e0       	ldi	r24, 0x00	; 0
     e8e:	83 30       	cpi	r24, 0x03	; 3
     e90:	78 f4       	brcc	.+30     	; 0xeb0 <_ZN6driver5timer10Atmega328p8Hardware7reserveEv+0x24>
     e92:	e8 2f       	mov	r30, r24
     e94:	f0 e0       	ldi	r31, 0x00	; 0
     e96:	ee 0f       	add	r30, r30
     e98:	ff 1f       	adc	r31, r31
     e9a:	e1 54       	subi	r30, 0x41	; 65
     e9c:	fd 4f       	sbci	r31, 0xFD	; 253
     e9e:	20 81       	ld	r18, Z
     ea0:	31 81       	ldd	r19, Z+1	; 0x01
     ea2:	23 2b       	or	r18, r19
     ea4:	19 f4       	brne	.+6      	; 0xeac <_ZN6driver5timer10Atmega328p8Hardware7reserveEv+0x20>
     ea6:	0e 94 07 07 	call	0xe0e	; 0xe0e <_ZN6driver5timer10Atmega328p8Hardware4initEh>
     eaa:	08 95       	ret
     eac:	8f 5f       	subi	r24, 0xFF	; 255
     eae:	ef cf       	rjmp	.-34     	; 0xe8e <_ZN6driver5timer10Atmega328p8Hardware7reserveEv+0x2>
     eb0:	80 e0       	ldi	r24, 0x00	; 0
     eb2:	90 e0       	ldi	r25, 0x00	; 0
     eb4:	08 95       	ret

00000eb6 <_ZNK6driver5timer10Atmega328p11addCallbackEPFvvE>:
     eb6:	dc 01       	movw	r26, r24
     eb8:	12 96       	adiw	r26, 0x02	; 2
     eba:	ed 91       	ld	r30, X+
     ebc:	fc 91       	ld	r31, X
     ebe:	13 97       	sbiw	r26, 0x03	; 3
     ec0:	47 81       	ldd	r20, Z+7	; 0x07
     ec2:	50 e0       	ldi	r21, 0x00	; 0
     ec4:	89 eb       	ldi	r24, 0xB9	; 185
     ec6:	92 e0       	ldi	r25, 0x02	; 2
     ec8:	0e 94 20 04 	call	0x840	; 0x840 <_ZN9container13CallbackArrayILj3EE3addEPFvvEj>
     ecc:	08 95       	ret

00000ece <_ZN6driver5timer10Atmega328pC1EmPFvvEb>:
     ece:	8f 92       	push	r8
     ed0:	9f 92       	push	r9
     ed2:	af 92       	push	r10
     ed4:	bf 92       	push	r11
     ed6:	cf 92       	push	r12
     ed8:	df 92       	push	r13
     eda:	ef 92       	push	r14
     edc:	ff 92       	push	r15
     ede:	0f 93       	push	r16
     ee0:	cf 93       	push	r28
     ee2:	df 93       	push	r29
     ee4:	ec 01       	movw	r28, r24
     ee6:	4a 01       	movw	r8, r20
     ee8:	5b 01       	movw	r10, r22
     eea:	79 01       	movw	r14, r18
     eec:	8a ee       	ldi	r24, 0xEA	; 234
     eee:	91 e0       	ldi	r25, 0x01	; 1
     ef0:	99 83       	std	Y+1, r25	; 0x01
     ef2:	88 83       	st	Y, r24
     ef4:	0e 94 46 07 	call	0xe8c	; 0xe8c <_ZN6driver5timer10Atmega328p8Hardware7reserveEv>
     ef8:	6c 01       	movw	r12, r24
     efa:	9b 83       	std	Y+3, r25	; 0x03
     efc:	8a 83       	std	Y+2, r24	; 0x02
     efe:	81 14       	cp	r8, r1
     f00:	91 04       	cpc	r9, r1
     f02:	a1 04       	cpc	r10, r1
     f04:	b1 04       	cpc	r11, r1
     f06:	99 f0       	breq	.+38     	; 0xf2e <_ZN6driver5timer10Atmega328pC1EmPFvvEb+0x60>
     f08:	c5 01       	movw	r24, r10
     f0a:	b4 01       	movw	r22, r8
     f0c:	0e 94 93 0d 	call	0x1b26	; 0x1b26 <__floatunsisf>
     f10:	2f e6       	ldi	r18, 0x6F	; 111
     f12:	32 e1       	ldi	r19, 0x12	; 18
     f14:	43 e0       	ldi	r20, 0x03	; 3
     f16:	5e e3       	ldi	r21, 0x3E	; 62
     f18:	0e 94 f2 0c 	call	0x19e4	; 0x19e4 <__divsf3>
     f1c:	20 e0       	ldi	r18, 0x00	; 0
     f1e:	30 e0       	ldi	r19, 0x00	; 0
     f20:	40 e0       	ldi	r20, 0x00	; 0
     f22:	5f e3       	ldi	r21, 0x3F	; 63
     f24:	0e 94 86 0c 	call	0x190c	; 0x190c <__addsf3>
     f28:	0e 94 64 0d 	call	0x1ac8	; 0x1ac8 <__fixunssfsi>
     f2c:	03 c0       	rjmp	.+6      	; 0xf34 <_ZN6driver5timer10Atmega328pC1EmPFvvEb+0x66>
     f2e:	60 e0       	ldi	r22, 0x00	; 0
     f30:	70 e0       	ldi	r23, 0x00	; 0
     f32:	cb 01       	movw	r24, r22
     f34:	6c 83       	std	Y+4, r22	; 0x04
     f36:	7d 83       	std	Y+5, r23	; 0x05
     f38:	8e 83       	std	Y+6, r24	; 0x06
     f3a:	9f 83       	std	Y+7, r25	; 0x07
     f3c:	18 86       	std	Y+8, r1	; 0x08
     f3e:	c1 14       	cp	r12, r1
     f40:	d1 04       	cpc	r13, r1
     f42:	99 f0       	breq	.+38     	; 0xf6a <_ZN6driver5timer10Atmega328pC1EmPFvvEb+0x9c>
     f44:	d6 01       	movw	r26, r12
     f46:	17 96       	adiw	r26, 0x07	; 7
     f48:	ec 91       	ld	r30, X
     f4a:	f0 e0       	ldi	r31, 0x00	; 0
     f4c:	ee 0f       	add	r30, r30
     f4e:	ff 1f       	adc	r31, r31
     f50:	e1 54       	subi	r30, 0x41	; 65
     f52:	fd 4f       	sbci	r31, 0xFD	; 253
     f54:	d1 83       	std	Z+1, r29	; 0x01
     f56:	c0 83       	st	Z, r28
     f58:	b7 01       	movw	r22, r14
     f5a:	ce 01       	movw	r24, r28
     f5c:	0e 94 5b 07 	call	0xeb6	; 0xeb6 <_ZNK6driver5timer10Atmega328p11addCallbackEPFvvE>
     f60:	00 23       	and	r16, r16
     f62:	19 f0       	breq	.+6      	; 0xf6a <_ZN6driver5timer10Atmega328pC1EmPFvvEb+0x9c>
     f64:	ce 01       	movw	r24, r28
     f66:	0e 94 97 06 	call	0xd2e	; 0xd2e <_ZN6driver5timer10Atmega328p5startEv>
     f6a:	df 91       	pop	r29
     f6c:	cf 91       	pop	r28
     f6e:	0f 91       	pop	r16
     f70:	ff 90       	pop	r15
     f72:	ef 90       	pop	r14
     f74:	df 90       	pop	r13
     f76:	cf 90       	pop	r12
     f78:	bf 90       	pop	r11
     f7a:	af 90       	pop	r10
     f7c:	9f 90       	pop	r9
     f7e:	8f 90       	pop	r8
     f80:	08 95       	ret

00000f82 <_ZN9container13CallbackArrayILj3EE6removeEj>:
     f82:	0f 93       	push	r16
     f84:	1f 93       	push	r17
     f86:	cf 93       	push	r28
     f88:	df 93       	push	r29
     f8a:	8c 01       	movw	r16, r24
     f8c:	eb 01       	movw	r28, r22
     f8e:	0e 94 1a 04 	call	0x834	; 0x834 <_ZNK9container13CallbackArrayILj3EE12isIndexValidEj>
     f92:	88 23       	and	r24, r24
     f94:	31 f0       	breq	.+12     	; 0xfa2 <_ZN9container13CallbackArrayILj3EE6removeEj+0x20>
     f96:	cc 0f       	add	r28, r28
     f98:	dd 1f       	adc	r29, r29
     f9a:	c0 0f       	add	r28, r16
     f9c:	d1 1f       	adc	r29, r17
     f9e:	19 82       	std	Y+1, r1	; 0x01
     fa0:	18 82       	st	Y, r1
     fa2:	df 91       	pop	r29
     fa4:	cf 91       	pop	r28
     fa6:	1f 91       	pop	r17
     fa8:	0f 91       	pop	r16
     faa:	08 95       	ret

00000fac <_ZNK6driver5timer10Atmega328p14removeCallbackEv>:
     fac:	dc 01       	movw	r26, r24
     fae:	12 96       	adiw	r26, 0x02	; 2
     fb0:	ed 91       	ld	r30, X+
     fb2:	fc 91       	ld	r31, X
     fb4:	13 97       	sbiw	r26, 0x03	; 3
     fb6:	67 81       	ldd	r22, Z+7	; 0x07
     fb8:	70 e0       	ldi	r23, 0x00	; 0
     fba:	89 eb       	ldi	r24, 0xB9	; 185
     fbc:	92 e0       	ldi	r25, 0x02	; 2
     fbe:	0e 94 c1 07 	call	0xf82	; 0xf82 <_ZN9container13CallbackArrayILj3EE6removeEj>
     fc2:	08 95       	ret

00000fc4 <_ZN6driver5timer10Atmega328pD1Ev>:
     fc4:	cf 93       	push	r28
     fc6:	df 93       	push	r29
     fc8:	ec 01       	movw	r28, r24
     fca:	8a ee       	ldi	r24, 0xEA	; 234
     fcc:	91 e0       	ldi	r25, 0x01	; 1
     fce:	99 83       	std	Y+1, r25	; 0x01
     fd0:	88 83       	st	Y, r24
     fd2:	ce 01       	movw	r24, r28
     fd4:	0e 94 d6 07 	call	0xfac	; 0xfac <_ZNK6driver5timer10Atmega328p14removeCallbackEv>
     fd8:	8a 81       	ldd	r24, Y+2	; 0x02
     fda:	9b 81       	ldd	r25, Y+3	; 0x03
     fdc:	dc 01       	movw	r26, r24
     fde:	17 96       	adiw	r26, 0x07	; 7
     fe0:	ec 91       	ld	r30, X
     fe2:	f0 e0       	ldi	r31, 0x00	; 0
     fe4:	ee 0f       	add	r30, r30
     fe6:	ff 1f       	adc	r31, r31
     fe8:	e1 54       	subi	r30, 0x41	; 65
     fea:	fd 4f       	sbci	r31, 0xFD	; 253
     fec:	11 82       	std	Z+1, r1	; 0x01
     fee:	10 82       	st	Z, r1
     ff0:	0e 94 e9 06 	call	0xdd2	; 0xdd2 <_ZN6driver5timer10Atmega328p8Hardware7releaseEPS2_>
     ff4:	80 ed       	ldi	r24, 0xD0	; 208
     ff6:	91 e0       	ldi	r25, 0x01	; 1
     ff8:	99 83       	std	Y+1, r25	; 0x01
     ffa:	88 83       	st	Y, r24
     ffc:	df 91       	pop	r29
     ffe:	cf 91       	pop	r28
    1000:	08 95       	ret

00001002 <_ZN6driver5timer10Atmega328pD0Ev>:
    1002:	cf 93       	push	r28
    1004:	df 93       	push	r29
    1006:	ec 01       	movw	r28, r24
    1008:	0e 94 e2 07 	call	0xfc4	; 0xfc4 <_ZN6driver5timer10Atmega328pD1Ev>
    100c:	69 e0       	ldi	r22, 0x09	; 9
    100e:	70 e0       	ldi	r23, 0x00	; 0
    1010:	ce 01       	movw	r24, r28
    1012:	0e 94 76 0c 	call	0x18ec	; 0x18ec <_ZdlPvj>
    1016:	df 91       	pop	r29
    1018:	cf 91       	pop	r28
    101a:	08 95       	ret

0000101c <_ZN6driver5timer12_GLOBAL__N_114invokeCallbackEh>:
    101c:	0f 93       	push	r16
    101e:	1f 93       	push	r17
    1020:	cf 93       	push	r28
    1022:	83 30       	cpi	r24, 0x03	; 3
    1024:	d0 f4       	brcc	.+52     	; 0x105a <_ZN6driver5timer12_GLOBAL__N_114invokeCallbackEh+0x3e>
    1026:	e8 2f       	mov	r30, r24
    1028:	f0 e0       	ldi	r31, 0x00	; 0
    102a:	ee 0f       	add	r30, r30
    102c:	ff 1f       	adc	r31, r31
    102e:	e1 54       	subi	r30, 0x41	; 65
    1030:	fd 4f       	sbci	r31, 0xFD	; 253
    1032:	00 81       	ld	r16, Z
    1034:	11 81       	ldd	r17, Z+1	; 0x01
    1036:	01 15       	cp	r16, r1
    1038:	11 05       	cpc	r17, r1
    103a:	79 f0       	breq	.+30     	; 0x105a <_ZN6driver5timer12_GLOBAL__N_114invokeCallbackEh+0x3e>
    103c:	c8 2f       	mov	r28, r24
    103e:	c8 01       	movw	r24, r16
    1040:	0e 94 d5 06 	call	0xdaa	; 0xdaa <_ZN6driver5timer10Atmega328p9incrementEv>
    1044:	c8 01       	movw	r24, r16
    1046:	0e 94 18 06 	call	0xc30	; 0xc30 <_ZN6driver5timer10Atmega328p11hasTimedOutEv>
    104a:	88 23       	and	r24, r24
    104c:	31 f0       	breq	.+12     	; 0x105a <_ZN6driver5timer12_GLOBAL__N_114invokeCallbackEh+0x3e>
    104e:	6c 2f       	mov	r22, r28
    1050:	70 e0       	ldi	r23, 0x00	; 0
    1052:	89 eb       	ldi	r24, 0xB9	; 185
    1054:	92 e0       	ldi	r25, 0x02	; 2
    1056:	0e 94 c5 04 	call	0x98a	; 0x98a <_ZN9container13CallbackArrayILj3EE6invokeEj>
    105a:	cf 91       	pop	r28
    105c:	1f 91       	pop	r17
    105e:	0f 91       	pop	r16
    1060:	08 95       	ret

00001062 <__vector_16>:
    1062:	1f 92       	push	r1
    1064:	0f 92       	push	r0
    1066:	0f b6       	in	r0, 0x3f	; 63
    1068:	0f 92       	push	r0
    106a:	11 24       	eor	r1, r1
    106c:	2f 93       	push	r18
    106e:	3f 93       	push	r19
    1070:	4f 93       	push	r20
    1072:	5f 93       	push	r21
    1074:	6f 93       	push	r22
    1076:	7f 93       	push	r23
    1078:	8f 93       	push	r24
    107a:	9f 93       	push	r25
    107c:	af 93       	push	r26
    107e:	bf 93       	push	r27
    1080:	ef 93       	push	r30
    1082:	ff 93       	push	r31
    1084:	80 e0       	ldi	r24, 0x00	; 0
    1086:	0e 94 0e 08 	call	0x101c	; 0x101c <_ZN6driver5timer12_GLOBAL__N_114invokeCallbackEh>
    108a:	ff 91       	pop	r31
    108c:	ef 91       	pop	r30
    108e:	bf 91       	pop	r27
    1090:	af 91       	pop	r26
    1092:	9f 91       	pop	r25
    1094:	8f 91       	pop	r24
    1096:	7f 91       	pop	r23
    1098:	6f 91       	pop	r22
    109a:	5f 91       	pop	r21
    109c:	4f 91       	pop	r20
    109e:	3f 91       	pop	r19
    10a0:	2f 91       	pop	r18
    10a2:	0f 90       	pop	r0
    10a4:	0f be       	out	0x3f, r0	; 63
    10a6:	0f 90       	pop	r0
    10a8:	1f 90       	pop	r1
    10aa:	18 95       	reti

000010ac <__vector_11>:
    10ac:	1f 92       	push	r1
    10ae:	0f 92       	push	r0
    10b0:	0f b6       	in	r0, 0x3f	; 63
    10b2:	0f 92       	push	r0
    10b4:	11 24       	eor	r1, r1
    10b6:	2f 93       	push	r18
    10b8:	3f 93       	push	r19
    10ba:	4f 93       	push	r20
    10bc:	5f 93       	push	r21
    10be:	6f 93       	push	r22
    10c0:	7f 93       	push	r23
    10c2:	8f 93       	push	r24
    10c4:	9f 93       	push	r25
    10c6:	af 93       	push	r26
    10c8:	bf 93       	push	r27
    10ca:	ef 93       	push	r30
    10cc:	ff 93       	push	r31
    10ce:	81 e0       	ldi	r24, 0x01	; 1
    10d0:	0e 94 0e 08 	call	0x101c	; 0x101c <_ZN6driver5timer12_GLOBAL__N_114invokeCallbackEh>
    10d4:	ff 91       	pop	r31
    10d6:	ef 91       	pop	r30
    10d8:	bf 91       	pop	r27
    10da:	af 91       	pop	r26
    10dc:	9f 91       	pop	r25
    10de:	8f 91       	pop	r24
    10e0:	7f 91       	pop	r23
    10e2:	6f 91       	pop	r22
    10e4:	5f 91       	pop	r21
    10e6:	4f 91       	pop	r20
    10e8:	3f 91       	pop	r19
    10ea:	2f 91       	pop	r18
    10ec:	0f 90       	pop	r0
    10ee:	0f be       	out	0x3f, r0	; 63
    10f0:	0f 90       	pop	r0
    10f2:	1f 90       	pop	r1
    10f4:	18 95       	reti

000010f6 <__vector_9>:
    10f6:	1f 92       	push	r1
    10f8:	0f 92       	push	r0
    10fa:	0f b6       	in	r0, 0x3f	; 63
    10fc:	0f 92       	push	r0
    10fe:	11 24       	eor	r1, r1
    1100:	2f 93       	push	r18
    1102:	3f 93       	push	r19
    1104:	4f 93       	push	r20
    1106:	5f 93       	push	r21
    1108:	6f 93       	push	r22
    110a:	7f 93       	push	r23
    110c:	8f 93       	push	r24
    110e:	9f 93       	push	r25
    1110:	af 93       	push	r26
    1112:	bf 93       	push	r27
    1114:	ef 93       	push	r30
    1116:	ff 93       	push	r31
    1118:	82 e0       	ldi	r24, 0x02	; 2
    111a:	0e 94 0e 08 	call	0x101c	; 0x101c <_ZN6driver5timer12_GLOBAL__N_114invokeCallbackEh>
    111e:	ff 91       	pop	r31
    1120:	ef 91       	pop	r30
    1122:	bf 91       	pop	r27
    1124:	af 91       	pop	r26
    1126:	9f 91       	pop	r25
    1128:	8f 91       	pop	r24
    112a:	7f 91       	pop	r23
    112c:	6f 91       	pop	r22
    112e:	5f 91       	pop	r21
    1130:	4f 91       	pop	r20
    1132:	3f 91       	pop	r19
    1134:	2f 91       	pop	r18
    1136:	0f 90       	pop	r0
    1138:	0f be       	out	0x3f, r0	; 63
    113a:	0f 90       	pop	r0
    113c:	1f 90       	pop	r1
    113e:	18 95       	reti

00001140 <_Z41__static_initialization_and_destruction_0ii>:

// -----------------------------------------------------------------------------
ISR (TIMER2_OVF_vect) { invokeCallback(TimerIndex::timer2); }

} // namespace timer
} // namespace driver
    1140:	01 97       	sbiw	r24, 0x01	; 1
    1142:	39 f4       	brne	.+14     	; 0x1152 <_Z41__static_initialization_and_destruction_0ii+0x12>
    1144:	6f 3f       	cpi	r22, 0xFF	; 255
    1146:	7f 4f       	sbci	r23, 0xFF	; 255
    1148:	21 f4       	brne	.+8      	; 0x1152 <_Z41__static_initialization_and_destruction_0ii+0x12>

/** Array holding pointers to TimerParam::timers. */
Atmega328p* TimerParam::TimerParam::timers[TimerParam::circuitCount]{};  

/** Array holding pointers to callbacks. */
CallbackArray<TimerParam::circuitCount> TimerParam::callbacks{};
    114a:	89 eb       	ldi	r24, 0xB9	; 185
    114c:	92 e0       	ldi	r25, 0x02	; 2
    114e:	0e 94 17 04 	call	0x82e	; 0x82e <_ZN9container13CallbackArrayILj3EEC1Ev>
    1152:	08 95       	ret

00001154 <_GLOBAL__sub_I__ZN6driver5timer10Atmega328pC2EmPFvvEb>:

// -----------------------------------------------------------------------------
ISR (TIMER2_OVF_vect) { invokeCallback(TimerIndex::timer2); }

} // namespace timer
} // namespace driver
    1154:	6f ef       	ldi	r22, 0xFF	; 255
    1156:	7f ef       	ldi	r23, 0xFF	; 255
    1158:	81 e0       	ldi	r24, 0x01	; 1
    115a:	90 e0       	ldi	r25, 0x00	; 0
    115c:	0e 94 a0 08 	call	0x1140	; 0x1140 <_Z41__static_initialization_and_destruction_0ii>
    1160:	08 95       	ret

00001162 <_GLOBAL__sub_D__ZN6driver5timer10Atmega328pC2EmPFvvEb>:
    1162:	6f ef       	ldi	r22, 0xFF	; 255
    1164:	7f ef       	ldi	r23, 0xFF	; 255
    1166:	80 e0       	ldi	r24, 0x00	; 0
    1168:	90 e0       	ldi	r25, 0x00	; 0
    116a:	0e 94 a0 08 	call	0x1140	; 0x1140 <_Z41__static_initialization_and_destruction_0ii>
    116e:	08 95       	ret

00001170 <_ZN6driver8watchdog12_GLOBAL__N_112timeoutValueENS0_10Atmega328p7TimeoutE>:
}
    
// -----------------------------------------------------------------------------
uint8_t timeoutValue(const Atmega328p::Timeout timeout) noexcept
{
    switch (timeout)
    1170:	81 15       	cp	r24, r1
    1172:	21 e0       	ldi	r18, 0x01	; 1
    1174:	92 07       	cpc	r25, r18
    1176:	51 f1       	breq	.+84     	; 0x11cc <_ZN6driver8watchdog12_GLOBAL__N_112timeoutValueENS0_10Atmega328p7TimeoutE+0x5c>
    1178:	70 f4       	brcc	.+28     	; 0x1196 <_ZN6driver8watchdog12_GLOBAL__N_112timeoutValueENS0_10Atmega328p7TimeoutE+0x26>
    117a:	80 32       	cpi	r24, 0x20	; 32
    117c:	91 05       	cpc	r25, r1
    117e:	a1 f1       	breq	.+104    	; 0x11e8 <_ZN6driver8watchdog12_GLOBAL__N_112timeoutValueENS0_10Atmega328p7TimeoutE+0x78>
    1180:	18 f4       	brcc	.+6      	; 0x1188 <_ZN6driver8watchdog12_GLOBAL__N_112timeoutValueENS0_10Atmega328p7TimeoutE+0x18>
    1182:	40 97       	sbiw	r24, 0x10	; 16
    1184:	e9 f0       	breq	.+58     	; 0x11c0 <_ZN6driver8watchdog12_GLOBAL__N_112timeoutValueENS0_10Atmega328p7TimeoutE+0x50>
    1186:	2e c0       	rjmp	.+92     	; 0x11e4 <_ZN6driver8watchdog12_GLOBAL__N_112timeoutValueENS0_10Atmega328p7TimeoutE+0x74>
    1188:	80 34       	cpi	r24, 0x40	; 64
    118a:	91 05       	cpc	r25, r1
    118c:	d9 f0       	breq	.+54     	; 0x11c4 <_ZN6driver8watchdog12_GLOBAL__N_112timeoutValueENS0_10Atmega328p7TimeoutE+0x54>
    118e:	80 38       	cpi	r24, 0x80	; 128
    1190:	91 05       	cpc	r25, r1
    1192:	d1 f0       	breq	.+52     	; 0x11c8 <_ZN6driver8watchdog12_GLOBAL__N_112timeoutValueENS0_10Atmega328p7TimeoutE+0x58>
    1194:	27 c0       	rjmp	.+78     	; 0x11e4 <_ZN6driver8watchdog12_GLOBAL__N_112timeoutValueENS0_10Atmega328p7TimeoutE+0x74>
    1196:	81 15       	cp	r24, r1
    1198:	28 e0       	ldi	r18, 0x08	; 8
    119a:	92 07       	cpc	r25, r18
    119c:	e9 f0       	breq	.+58     	; 0x11d8 <_ZN6driver8watchdog12_GLOBAL__N_112timeoutValueENS0_10Atmega328p7TimeoutE+0x68>
    119e:	40 f4       	brcc	.+16     	; 0x11b0 <_ZN6driver8watchdog12_GLOBAL__N_112timeoutValueENS0_10Atmega328p7TimeoutE+0x40>
    11a0:	81 15       	cp	r24, r1
    11a2:	22 e0       	ldi	r18, 0x02	; 2
    11a4:	92 07       	cpc	r25, r18
    11a6:	a1 f0       	breq	.+40     	; 0x11d0 <_ZN6driver8watchdog12_GLOBAL__N_112timeoutValueENS0_10Atmega328p7TimeoutE+0x60>
    11a8:	81 15       	cp	r24, r1
    11aa:	94 40       	sbci	r25, 0x04	; 4
    11ac:	99 f0       	breq	.+38     	; 0x11d4 <_ZN6driver8watchdog12_GLOBAL__N_112timeoutValueENS0_10Atmega328p7TimeoutE+0x64>
    11ae:	1a c0       	rjmp	.+52     	; 0x11e4 <_ZN6driver8watchdog12_GLOBAL__N_112timeoutValueENS0_10Atmega328p7TimeoutE+0x74>
    11b0:	81 15       	cp	r24, r1
    11b2:	20 e1       	ldi	r18, 0x10	; 16
    11b4:	92 07       	cpc	r25, r18
    11b6:	91 f0       	breq	.+36     	; 0x11dc <_ZN6driver8watchdog12_GLOBAL__N_112timeoutValueENS0_10Atmega328p7TimeoutE+0x6c>
    11b8:	81 15       	cp	r24, r1
    11ba:	90 42       	sbci	r25, 0x20	; 32
    11bc:	89 f0       	breq	.+34     	; 0x11e0 <_ZN6driver8watchdog12_GLOBAL__N_112timeoutValueENS0_10Atmega328p7TimeoutE+0x70>
    11be:	12 c0       	rjmp	.+36     	; 0x11e4 <_ZN6driver8watchdog12_GLOBAL__N_112timeoutValueENS0_10Atmega328p7TimeoutE+0x74>
    {
        case Atmega328p::Timeout::Duration16ms:
            return 0U;
    11c0:	80 e0       	ldi	r24, 0x00	; 0
    11c2:	08 95       	ret
        case Atmega328p::Timeout::Duration32ms:
            return (1U << WDP0);
        case Atmega328p::Timeout::Duration64ms:
            return (1U << WDP1);
    11c4:	82 e0       	ldi	r24, 0x02	; 2
    11c6:	08 95       	ret
        case Atmega328p::Timeout::Duration128ms:
            return (1U << WDP1) | (1U << WDP0);
    11c8:	83 e0       	ldi	r24, 0x03	; 3
    11ca:	08 95       	ret
        case Atmega328p::Timeout::Duration256ms:
            return (1U << WDP2);
    11cc:	84 e0       	ldi	r24, 0x04	; 4
    11ce:	08 95       	ret
        case Atmega328p::Timeout::Duration512ms:
            return (1U << WDP2) | (1U << WDP0);
    11d0:	85 e0       	ldi	r24, 0x05	; 5
    11d2:	08 95       	ret
        case Atmega328p::Timeout::Duration1024ms:
            return (1U << WDP2) | (1U << WDP1);
    11d4:	86 e0       	ldi	r24, 0x06	; 6
    11d6:	08 95       	ret
        case Atmega328p::Timeout::Duration2048ms:
            return (1U << WDP2) | (1U << WDP1) | (1U << WDP0);
    11d8:	87 e0       	ldi	r24, 0x07	; 7
    11da:	08 95       	ret
        case Atmega328p::Timeout::Duration4096ms:
            return (1U << WDP3);
    11dc:	80 e2       	ldi	r24, 0x20	; 32
    11de:	08 95       	ret
        case Atmega328p::Timeout::Duration8192ms:
            return (1U << WDP3) | (1U << WDP0);
    11e0:	81 e2       	ldi	r24, 0x21	; 33
    11e2:	08 95       	ret
        default:
            return 0xFFU;
    11e4:	8f ef       	ldi	r24, 0xFF	; 255
    11e6:	08 95       	ret
    switch (timeout)
    {
        case Atmega328p::Timeout::Duration16ms:
            return 0U;
        case Atmega328p::Timeout::Duration32ms:
            return (1U << WDP0);
    11e8:	81 e0       	ldi	r24, 0x01	; 1
        case Atmega328p::Timeout::Duration8192ms:
            return (1U << WDP3) | (1U << WDP0);
        default:
            return 0xFFU;
    }
}
    11ea:	08 95       	ret

000011ec <__tcf_0>:
{
public:
    /**
     * @brief Delete the watchdog timer.
     */
    virtual ~Interface() noexcept = default;
    11ec:	84 e0       	ldi	r24, 0x04	; 4
    11ee:	92 e0       	ldi	r25, 0x02	; 2
    11f0:	90 93 c6 02 	sts	0x02C6, r25	; 0x8002c6 <_ZZN6driver8watchdog10Atmega328p11getInstanceEvE10myInstance+0x1>
    11f4:	80 93 c5 02 	sts	0x02C5, r24	; 0x8002c5 <_ZZN6driver8watchdog10Atmega328p11getInstanceEvE10myInstance>
    11f8:	08 95       	ret

000011fa <_ZNK6driver8watchdog10Atmega328p13isInitializedEv>:
    // Return a reference to the singleton watchdog instance, cast to the corresponding interface.
    return myInstance; 
}

// -----------------------------------------------------------------------------
bool Atmega328p::isInitialized() const noexcept { return true; }
    11fa:	81 e0       	ldi	r24, 0x01	; 1
    11fc:	08 95       	ret

000011fe <_ZNK6driver8watchdog10Atmega328p9isEnabledEv>:

// -----------------------------------------------------------------------------
bool Atmega328p::isEnabled() const noexcept { return myEnabled; }
    11fe:	fc 01       	movw	r30, r24
    1200:	84 81       	ldd	r24, Z+4	; 0x04
    1202:	08 95       	ret

00001204 <_ZNK6driver8watchdog10Atmega328p9timeoutMsEv>:
    // Re-enable interrupts once the write sequence is complete.
    utils::globalInterruptEnable();
}

// -----------------------------------------------------------------------------
uint16_t Atmega328p::timeoutMs() const noexcept { return static_cast<uint16_t>(myTimeout); }
    1204:	fc 01       	movw	r30, r24
    1206:	82 81       	ldd	r24, Z+2	; 0x02
    1208:	93 81       	ldd	r25, Z+3	; 0x03
    120a:	08 95       	ret

0000120c <_ZN6driver8watchdog10Atmega328pD1Ev>:
    120c:	24 e0       	ldi	r18, 0x04	; 4
    120e:	32 e0       	ldi	r19, 0x02	; 2
    1210:	fc 01       	movw	r30, r24
    1212:	31 83       	std	Z+1, r19	; 0x01
    1214:	20 83       	st	Z, r18
    1216:	08 95       	ret

00001218 <_ZN6driver8watchdog10Atmega328pD0Ev>:
    1218:	24 e0       	ldi	r18, 0x04	; 4
    121a:	32 e0       	ldi	r19, 0x02	; 2
    121c:	fc 01       	movw	r30, r24
    121e:	31 83       	std	Z+1, r19	; 0x01
    1220:	20 83       	st	Z, r18
    Atmega328p& operator=(const Atmega328p&) = delete; // No copy assignment.
    Atmega328p& operator=(Atmega328p&&)      = delete; // No move assignment.

private:
    Atmega328p() noexcept;
    ~Atmega328p() noexcept override = default;
    1222:	65 e0       	ldi	r22, 0x05	; 5
    1224:	70 e0       	ldi	r23, 0x00	; 0
    1226:	0e 94 76 0c 	call	0x18ec	; 0x18ec <_ZdlPvj>
    122a:	08 95       	ret

0000122c <_ZN6driver8watchdog10Atmega328p5resetEv>:

// -----------------------------------------------------------------------------
void Atmega328p::reset() noexcept 
{ 
    // Disable interrupts during the reset process.
    utils::globalInterruptDisable();
    122c:	0e 94 74 0c 	call	0x18e8	; 0x18e8 <_ZN5utils22globalInterruptDisableEv>

    // Reset the watchdog and clear the corresponding reset flag.
    asm("WDR");
    1230:	a8 95       	wdr
// -----------------------------------------------------------------------------
template <typename T>
constexpr void clear(volatile T& reg, const uint8_t bit) noexcept  
{
    static_assert(type_traits::is_unsigned<T>::value, "Invalid data type used for bit operation!");
    reg &= ~(1ULL << bit);
    1232:	84 b7       	in	r24, 0x34	; 52
    1234:	87 7f       	andi	r24, 0xF7	; 247
    1236:	84 bf       	out	0x34, r24	; 52
    utils::clear(MCUSR, WDRF);

    // Re-enable interrupts once the reset process is complete.
    utils::globalInterruptEnable();
    1238:	0e 94 72 0c 	call	0x18e4	; 0x18e4 <_ZN5utils21globalInterruptEnableEv>
    123c:	08 95       	ret

0000123e <_ZN6driver8watchdog10Atmega328p10setEnabledEb>:
// -----------------------------------------------------------------------------
bool Atmega328p::isEnabled() const noexcept { return myEnabled; }

// -----------------------------------------------------------------------------
void Atmega328p::setEnabled(const bool enable) noexcept
{
    123e:	cf 93       	push	r28
    1240:	c6 2f       	mov	r28, r22
    // Reset the watchdog to prevent a timeout during the enablement update.
    reset();
    1242:	0e 94 16 09 	call	0x122c	; 0x122c <_ZN6driver8watchdog10Atmega328p5resetEv>

    // Update the enablement status, disable interrupts during the write sequence.
    utils::globalInterruptDisable();
    1246:	0e 94 74 0c 	call	0x18e8	; 0x18e8 <_ZN5utils22globalInterruptDisableEv>
// -----------------------------------------------------------------------------
template <typename T>
constexpr void set(volatile T& reg, const uint8_t bit) noexcept
{
    static_assert(type_traits::is_unsigned<T>::value, "Invalid data type used for bit operation!");
    reg |= (1ULL << bit);
    124a:	e0 e6       	ldi	r30, 0x60	; 96
    124c:	f0 e0       	ldi	r31, 0x00	; 0
    124e:	80 81       	ld	r24, Z
    1250:	80 61       	ori	r24, 0x10	; 16
    1252:	80 83       	st	Z, r24
    1254:	80 81       	ld	r24, Z
    1256:	88 60       	ori	r24, 0x08	; 8
    1258:	80 83       	st	Z, r24
    utils::set(WDTCSR, WDCE, WDE);
    if (enable) { utils::set(WDTCSR, WDE); }
    125a:	cc 23       	and	r28, r28
    125c:	21 f0       	breq	.+8      	; 0x1266 <_ZN6driver8watchdog10Atmega328p10setEnabledEb+0x28>
    125e:	80 81       	ld	r24, Z
    1260:	88 60       	ori	r24, 0x08	; 8
    1262:	80 83       	st	Z, r24
    1264:	05 c0       	rjmp	.+10     	; 0x1270 <_ZN6driver8watchdog10Atmega328p10setEnabledEb+0x32>
// -----------------------------------------------------------------------------
template <typename T>
constexpr void clear(volatile T& reg, const uint8_t bit) noexcept  
{
    static_assert(type_traits::is_unsigned<T>::value, "Invalid data type used for bit operation!");
    reg &= ~(1ULL << bit);
    1266:	e0 e6       	ldi	r30, 0x60	; 96
    1268:	f0 e0       	ldi	r31, 0x00	; 0
    126a:	80 81       	ld	r24, Z
    126c:	87 7f       	andi	r24, 0xF7	; 247
    126e:	80 83       	st	Z, r24
    else { utils::clear(WDTCSR, WDE); }

    // Re-enable interrupts once the write sequence is complete.
    utils::globalInterruptEnable();
    1270:	0e 94 72 0c 	call	0x18e4	; 0x18e4 <_ZN5utils21globalInterruptEnableEv>
}
    1274:	cf 91       	pop	r28
    1276:	08 95       	ret

00001278 <_ZN6driver8watchdog10Atmega328p10setTimeoutENS1_7TimeoutE>:
    utils::globalInterruptEnable();
}

// -----------------------------------------------------------------------------
bool Atmega328p::setTimeout(const Timeout timeout) noexcept
{
    1278:	ff 92       	push	r15
    127a:	0f 93       	push	r16
    127c:	1f 93       	push	r17
    127e:	cf 93       	push	r28
    1280:	df 93       	push	r29
    // Return false if the timeout is invalid.
    if (!isTimeoutValid(timeout)) { return false; }
    1282:	61 30       	cpi	r22, 0x01	; 1
    1284:	20 e2       	ldi	r18, 0x20	; 32
    1286:	72 07       	cpc	r23, r18
    1288:	b8 f4       	brcc	.+46     	; 0x12b8 <_ZN6driver8watchdog10Atmega328p10setTimeoutENS1_7TimeoutE+0x40>
    128a:	eb 01       	movw	r28, r22
    128c:	8c 01       	movw	r16, r24

    // Calculate the timeout value before the timed write sequence.
    const auto value{timeoutValue(timeout)};
    128e:	cb 01       	movw	r24, r22
    1290:	0e 94 b8 08 	call	0x1170	; 0x1170 <_ZN6driver8watchdog12_GLOBAL__N_112timeoutValueENS0_10Atmega328p7TimeoutE>
    1294:	f8 2e       	mov	r15, r24

    // Update the watchdog timeout, disable interrupts during the write sequence.
    utils::globalInterruptDisable();
    1296:	0e 94 74 0c 	call	0x18e8	; 0x18e8 <_ZN5utils22globalInterruptDisableEv>
    WDTCSR |= (1UL << WDCE) | (1UL << WDE);
    129a:	e0 e6       	ldi	r30, 0x60	; 96
    129c:	f0 e0       	ldi	r31, 0x00	; 0
    129e:	80 81       	ld	r24, Z
    12a0:	88 61       	ori	r24, 0x18	; 24
    12a2:	80 83       	st	Z, r24
    WDTCSR = value;
    12a4:	f0 82       	st	Z, r15
    utils::globalInterruptEnable();
    12a6:	0e 94 72 0c 	call	0x18e4	; 0x18e4 <_ZN5utils21globalInterruptEnableEv>

    // Re-enable interrupts once the write sequence is complete.
    utils::globalInterruptEnable();
    12aa:	0e 94 72 0c 	call	0x18e4	; 0x18e4 <_ZN5utils21globalInterruptEnableEv>

    // Store the new timeout and return true to indicate success.
    myTimeout = timeout;
    12ae:	f8 01       	movw	r30, r16
    12b0:	d3 83       	std	Z+3, r29	; 0x03
    12b2:	c2 83       	std	Z+2, r28	; 0x02
    return true;
    12b4:	81 e0       	ldi	r24, 0x01	; 1
    12b6:	01 c0       	rjmp	.+2      	; 0x12ba <_ZN6driver8watchdog10Atmega328p10setTimeoutENS1_7TimeoutE+0x42>

// -----------------------------------------------------------------------------
bool Atmega328p::setTimeout(const Timeout timeout) noexcept
{
    // Return false if the timeout is invalid.
    if (!isTimeoutValid(timeout)) { return false; }
    12b8:	80 e0       	ldi	r24, 0x00	; 0
    utils::globalInterruptEnable();

    // Store the new timeout and return true to indicate success.
    myTimeout = timeout;
    return true;
} 
    12ba:	df 91       	pop	r29
    12bc:	cf 91       	pop	r28
    12be:	1f 91       	pop	r17
    12c0:	0f 91       	pop	r16
    12c2:	ff 90       	pop	r15
    12c4:	08 95       	ret

000012c6 <_ZN6driver8watchdog10Atmega328pC1Ev>:

// -----------------------------------------------------------------------------
Atmega328p::Atmega328p() noexcept
    : myTimeout{}
    , myEnabled{false}
    12c6:	26 e1       	ldi	r18, 0x16	; 22
    12c8:	32 e0       	ldi	r19, 0x02	; 2
    12ca:	fc 01       	movw	r30, r24
    12cc:	31 83       	std	Z+1, r19	; 0x01
    12ce:	20 83       	st	Z, r18
    12d0:	13 82       	std	Z+3, r1	; 0x03
    12d2:	12 82       	std	Z+2, r1	; 0x02
    12d4:	14 82       	std	Z+4, r1	; 0x04
{
    // Set the default timeout.
    setTimeout(WatchdogParam::DefaultTimeout);
    12d6:	60 e0       	ldi	r22, 0x00	; 0
    12d8:	74 e0       	ldi	r23, 0x04	; 4
    12da:	0e 94 3c 09 	call	0x1278	; 0x1278 <_ZN6driver8watchdog10Atmega328p10setTimeoutENS1_7TimeoutE>
    12de:	08 95       	ret

000012e0 <_ZN6driver8watchdog10Atmega328p11getInstanceEv>:

// -----------------------------------------------------------------------------
Interface& Atmega328p::getInstance() noexcept
{
    // Create and initialize the singleton watchdog timer instance (once only).
    static Atmega328p myInstance{};
    12e0:	80 91 ca 02 	lds	r24, 0x02CA	; 0x8002ca <_ZGVZN6driver8watchdog10Atmega328p11getInstanceEvE10myInstance>
    12e4:	81 11       	cpse	r24, r1
    12e6:	12 c0       	rjmp	.+36     	; 0x130c <_ZN6driver8watchdog10Atmega328p11getInstanceEv+0x2c>
    12e8:	8a ec       	ldi	r24, 0xCA	; 202
    12ea:	92 e0       	ldi	r25, 0x02	; 2
    12ec:	0e 94 78 0c 	call	0x18f0	; 0x18f0 <__cxa_guard_acquire>
    12f0:	89 2b       	or	r24, r25
    12f2:	61 f0       	breq	.+24     	; 0x130c <_ZN6driver8watchdog10Atmega328p11getInstanceEv+0x2c>
    12f4:	85 ec       	ldi	r24, 0xC5	; 197
    12f6:	92 e0       	ldi	r25, 0x02	; 2
    12f8:	0e 94 63 09 	call	0x12c6	; 0x12c6 <_ZN6driver8watchdog10Atmega328pC1Ev>
    12fc:	8a ec       	ldi	r24, 0xCA	; 202
    12fe:	92 e0       	ldi	r25, 0x02	; 2
    1300:	0e 94 81 0c 	call	0x1902	; 0x1902 <__cxa_guard_release>
    1304:	86 ef       	ldi	r24, 0xF6	; 246
    1306:	98 e0       	ldi	r25, 0x08	; 8
    1308:	0e 94 76 00 	call	0xec	; 0xec <atexit>

    // Return a reference to the singleton watchdog instance, cast to the corresponding interface.
    return myInstance; 
}
    130c:	85 ec       	ldi	r24, 0xC5	; 197
    130e:	92 e0       	ldi	r25, 0x02	; 2
    1310:	08 95       	ret

00001312 <_ZN12_GLOBAL__N_119toggleTimerCallbackEv>:
/**
 * @brief Callback for the toggle timeout.
 * 
 *        This callback is invoked when the toggle timer times out.
 */
void toggleTimerCallback() noexcept { myLogic->handleToggleTimerTimeout(); }
    1312:	80 91 d2 02 	lds	r24, 0x02D2	; 0x8002d2 <_ZN12_GLOBAL__N_17myLogicE>
    1316:	90 91 d3 02 	lds	r25, 0x02D3	; 0x8002d3 <_ZN12_GLOBAL__N_17myLogicE+0x1>
    131a:	0e 94 85 0a 	call	0x150a	; 0x150a <_ZN5logic5Logic24handleToggleTimerTimeoutEv>
    131e:	08 95       	ret

00001320 <_ZN12_GLOBAL__N_121debounceTimerCallbackEv>:
/**
 * @brief Callback for the debounce timer timeout.
 * 
 *        This callback is invoked when the debounce timer times out.
 */
void debounceTimerCallback() noexcept { myLogic->handleDebounceTimerTimeout(); }
    1320:	80 91 d2 02 	lds	r24, 0x02D2	; 0x8002d2 <_ZN12_GLOBAL__N_17myLogicE>
    1324:	90 91 d3 02 	lds	r25, 0x02D3	; 0x8002d3 <_ZN12_GLOBAL__N_17myLogicE+0x1>
    1328:	0e 94 5e 0a 	call	0x14bc	; 0x14bc <_ZN5logic5Logic26handleDebounceTimerTimeoutEv>
    132c:	08 95       	ret

0000132e <_ZN12_GLOBAL__N_114buttonCallbackEv>:
/**
 * @brief Callback for the button.
 * 
 *        This callback is invoked when a button event occurs.
 */
void buttonCallback() noexcept { myLogic->handleButtonEvent(); }
    132e:	80 91 d2 02 	lds	r24, 0x02D2	; 0x8002d2 <_ZN12_GLOBAL__N_17myLogicE>
    1332:	90 91 d3 02 	lds	r25, 0x02D3	; 0x8002d3 <_ZN12_GLOBAL__N_17myLogicE+0x1>
    1336:	0e 94 56 0b 	call	0x16ac	; 0x16ac <_ZN5logic5Logic17handleButtonEventEv>
    133a:	08 95       	ret

0000133c <main>:
 * @brief Initialize and run the system on the target MCU.
 * 
 * @return 0 on termination of the program (should never occur).
 */
int main()
{
    133c:	6f 92       	push	r6
    133e:	7f 92       	push	r7
    1340:	8f 92       	push	r8
    1342:	9f 92       	push	r9
    1344:	af 92       	push	r10
    1346:	bf 92       	push	r11
    1348:	cf 92       	push	r12
    134a:	df 92       	push	r13
    134c:	ef 92       	push	r14
    134e:	ff 92       	push	r15
    1350:	0f 93       	push	r16
    1352:	1f 93       	push	r17
    1354:	cf 93       	push	r28
    1356:	df 93       	push	r29
    1358:	cd b7       	in	r28, 0x3d	; 61
    135a:	de b7       	in	r29, 0x3e	; 62
    135c:	ac 97       	sbiw	r28, 0x2c	; 44
    135e:	0f b6       	in	r0, 0x3f	; 63
    1360:	f8 94       	cli
    1362:	de bf       	out	0x3e, r29	; 62
    1364:	0f be       	out	0x3f, r0	; 63
    1366:	cd bf       	out	0x3d, r28	; 61
    constexpr uint32_t debounceTimerTimeout{300U};
    constexpr uint32_t toggleTimerTimeout{100U};

    // Initialize the GPIO devices.
    gpio::Atmega328p led{8U, gpio::Atmega328p::Direction::Output};
    1368:	20 e0       	ldi	r18, 0x00	; 0
    136a:	30 e0       	ldi	r19, 0x00	; 0
    136c:	42 e0       	ldi	r20, 0x02	; 2
    136e:	68 e0       	ldi	r22, 0x08	; 8
    1370:	ce 01       	movw	r24, r28
    1372:	01 96       	adiw	r24, 0x01	; 1
    1374:	0e 94 70 04 	call	0x8e0	; 0x8e0 <_ZN6driver4gpio10Atmega328pC1EhNS1_9DirectionEPFvvE>
    gpio::Atmega328p button{13U, gpio::Atmega328p::Direction::InputPullup, buttonCallback};
    1378:	27 e9       	ldi	r18, 0x97	; 151
    137a:	39 e0       	ldi	r19, 0x09	; 9
    137c:	41 e0       	ldi	r20, 0x01	; 1
    137e:	6d e0       	ldi	r22, 0x0D	; 13
    1380:	ce 01       	movw	r24, r28
    1382:	06 96       	adiw	r24, 0x06	; 6
    1384:	0e 94 70 04 	call	0x8e0	; 0x8e0 <_ZN6driver4gpio10Atmega328pC1EhNS1_9DirectionEPFvvE>

    // Initialize the timers.
    timer::Atmega328p debounceTimer{debounceTimerTimeout, debounceTimerCallback};
    1388:	00 e0       	ldi	r16, 0x00	; 0
    138a:	20 e9       	ldi	r18, 0x90	; 144
    138c:	39 e0       	ldi	r19, 0x09	; 9
    138e:	4c e2       	ldi	r20, 0x2C	; 44
    1390:	51 e0       	ldi	r21, 0x01	; 1
    1392:	60 e0       	ldi	r22, 0x00	; 0
    1394:	70 e0       	ldi	r23, 0x00	; 0
    1396:	ce 01       	movw	r24, r28
    1398:	0b 96       	adiw	r24, 0x0b	; 11
    139a:	0e 94 67 07 	call	0xece	; 0xece <_ZN6driver5timer10Atmega328pC1EmPFvvEb>
    timer::Atmega328p toggleTimer{toggleTimerTimeout, toggleTimerCallback};
    139e:	29 e8       	ldi	r18, 0x89	; 137
    13a0:	39 e0       	ldi	r19, 0x09	; 9
    13a2:	44 e6       	ldi	r20, 0x64	; 100
    13a4:	50 e0       	ldi	r21, 0x00	; 0
    13a6:	60 e0       	ldi	r22, 0x00	; 0
    13a8:	70 e0       	ldi	r23, 0x00	; 0
    13aa:	ce 01       	movw	r24, r28
    13ac:	44 96       	adiw	r24, 0x14	; 20
    13ae:	0e 94 67 07 	call	0xece	; 0xece <_ZN6driver5timer10Atmega328pC1EmPFvvEb>

    // Obtain a reference to the singleton serial device instance.
    auto& serial{serial::Atmega328p::getInstance()};
    13b2:	0e 94 f3 05 	call	0xbe6	; 0xbe6 <_ZN6driver6serial10Atmega328p11getInstanceEv>
    13b6:	7c 01       	movw	r14, r24

    // Obtain a reference to the singleton watchdog timer instance.
    auto& watchdog{watchdog::Atmega328p::getInstance()};
    13b8:	0e 94 70 09 	call	0x12e0	; 0x12e0 <_ZN6driver8watchdog10Atmega328p11getInstanceEv>
    13bc:	6c 01       	movw	r12, r24

    // Obtain a reference to the singleton EEPROM instance.
    auto& eeprom{eeprom::Atmega328p::getInstance()};
    13be:	0e 94 c8 01 	call	0x390	; 0x390 <_ZN6driver6eeprom10Atmega328p11getInstanceEv>
    13c2:	5c 01       	movw	r10, r24

    // Obtain a reference to the singleton ADC instance.
    auto& adc{adc::Atmega328p::getInstance()};
    13c4:	0e 94 33 01 	call	0x266	; 0x266 <_ZN6driver3adc10Atmega328p11getInstanceEv>

    // Initialize the logic implementation with the given hardware.
    logic::Logic logic{led, button, debounceTimer, toggleTimer, serial, watchdog, eeprom, adc};
    13c8:	3e 01       	movw	r6, r28
    13ca:	2d e1       	ldi	r18, 0x1D	; 29
    13cc:	62 0e       	add	r6, r18
    13ce:	71 1c       	adc	r7, r1
    13d0:	4c 01       	movw	r8, r24
    13d2:	8e 01       	movw	r16, r28
    13d4:	0c 5e       	subi	r16, 0xEC	; 236
    13d6:	1f 4f       	sbci	r17, 0xFF	; 255
    13d8:	9e 01       	movw	r18, r28
    13da:	25 5f       	subi	r18, 0xF5	; 245
    13dc:	3f 4f       	sbci	r19, 0xFF	; 255
    13de:	ae 01       	movw	r20, r28
    13e0:	4a 5f       	subi	r20, 0xFA	; 250
    13e2:	5f 4f       	sbci	r21, 0xFF	; 255
    13e4:	be 01       	movw	r22, r28
    13e6:	6f 5f       	subi	r22, 0xFF	; 255
    13e8:	7f 4f       	sbci	r23, 0xFF	; 255
    13ea:	c3 01       	movw	r24, r6
    13ec:	0e 94 05 0c 	call	0x180a	; 0x180a <_ZN5logic5LogicC1ERN6driver4gpio9InterfaceES4_RNS1_5timer9InterfaceES7_RNS1_6serial9InterfaceERNS1_8watchdog9InterfaceERNS1_6eeprom9InterfaceERNS1_3adc9InterfaceE>
    myLogic = &logic;
    13f0:	70 92 d3 02 	sts	0x02D3, r7	; 0x8002d3 <_ZN12_GLOBAL__N_17myLogicE+0x1>
    13f4:	60 92 d2 02 	sts	0x02D2, r6	; 0x8002d2 <_ZN12_GLOBAL__N_17myLogicE>

    // Run the application perpetually on the target MCU.
    myLogic->run();
    13f8:	c3 01       	movw	r24, r6
    13fa:	0e 94 9a 0a 	call	0x1534	; 0x1534 <_ZN5logic5Logic3runEv>

    // Obtain a reference to the singleton ADC instance.
    auto& adc{adc::Atmega328p::getInstance()};

    // Initialize the logic implementation with the given hardware.
    logic::Logic logic{led, button, debounceTimer, toggleTimer, serial, watchdog, eeprom, adc};
    13fe:	c3 01       	movw	r24, r6
    1400:	0e 94 28 0a 	call	0x1450	; 0x1450 <_ZN5logic5LogicD1Ev>
    gpio::Atmega328p led{8U, gpio::Atmega328p::Direction::Output};
    gpio::Atmega328p button{13U, gpio::Atmega328p::Direction::InputPullup, buttonCallback};

    // Initialize the timers.
    timer::Atmega328p debounceTimer{debounceTimerTimeout, debounceTimerCallback};
    timer::Atmega328p toggleTimer{toggleTimerTimeout, toggleTimerCallback};
    1404:	c8 01       	movw	r24, r16
    1406:	0e 94 e2 07 	call	0xfc4	; 0xfc4 <_ZN6driver5timer10Atmega328pD1Ev>
    // Initialize the GPIO devices.
    gpio::Atmega328p led{8U, gpio::Atmega328p::Direction::Output};
    gpio::Atmega328p button{13U, gpio::Atmega328p::Direction::InputPullup, buttonCallback};

    // Initialize the timers.
    timer::Atmega328p debounceTimer{debounceTimerTimeout, debounceTimerCallback};
    140a:	ce 01       	movw	r24, r28
    140c:	0b 96       	adiw	r24, 0x0b	; 11
    140e:	0e 94 e2 07 	call	0xfc4	; 0xfc4 <_ZN6driver5timer10Atmega328pD1Ev>
    constexpr uint32_t debounceTimerTimeout{300U};
    constexpr uint32_t toggleTimerTimeout{100U};

    // Initialize the GPIO devices.
    gpio::Atmega328p led{8U, gpio::Atmega328p::Direction::Output};
    gpio::Atmega328p button{13U, gpio::Atmega328p::Direction::InputPullup, buttonCallback};
    1412:	ce 01       	movw	r24, r28
    1414:	06 96       	adiw	r24, 0x06	; 6
    1416:	0e 94 cd 02 	call	0x59a	; 0x59a <_ZN6driver4gpio10Atmega328pD1Ev>
{
    constexpr uint32_t debounceTimerTimeout{300U};
    constexpr uint32_t toggleTimerTimeout{100U};

    // Initialize the GPIO devices.
    gpio::Atmega328p led{8U, gpio::Atmega328p::Direction::Output};
    141a:	ce 01       	movw	r24, r28
    141c:	01 96       	adiw	r24, 0x01	; 1
    141e:	0e 94 cd 02 	call	0x59a	; 0x59a <_ZN6driver4gpio10Atmega328pD1Ev>
    // Run the application perpetually on the target MCU.
    myLogic->run();

    // This point should never be reached; the system is intended to run indefinitely on the target MCU.
    return 0;
}
    1422:	80 e0       	ldi	r24, 0x00	; 0
    1424:	90 e0       	ldi	r25, 0x00	; 0
    1426:	ac 96       	adiw	r28, 0x2c	; 44
    1428:	0f b6       	in	r0, 0x3f	; 63
    142a:	f8 94       	cli
    142c:	de bf       	out	0x3e, r29	; 62
    142e:	0f be       	out	0x3f, r0	; 63
    1430:	cd bf       	out	0x3d, r28	; 61
    1432:	df 91       	pop	r29
    1434:	cf 91       	pop	r28
    1436:	1f 91       	pop	r17
    1438:	0f 91       	pop	r16
    143a:	ff 90       	pop	r15
    143c:	ef 90       	pop	r14
    143e:	df 90       	pop	r13
    1440:	cf 90       	pop	r12
    1442:	bf 90       	pop	r11
    1444:	af 90       	pop	r10
    1446:	9f 90       	pop	r9
    1448:	8f 90       	pop	r8
    144a:	7f 90       	pop	r7
    144c:	6f 90       	pop	r6
    144e:	08 95       	ret

00001450 <_ZN5logic5LogicD1Ev>:
}

// -----------------------------------------------------------------------------
void Logic::enableSerialTransmission(const bool enable) noexcept
{
    mySerial.setEnabled(enable);
    1450:	cf 93       	push	r28
    1452:	df 93       	push	r29
    1454:	ec 01       	movw	r28, r24
    1456:	88 81       	ld	r24, Y
    1458:	99 81       	ldd	r25, Y+1	; 0x01
    145a:	dc 01       	movw	r26, r24
    145c:	ed 91       	ld	r30, X+
    145e:	fc 91       	ld	r31, X
    1460:	00 84       	ldd	r0, Z+8	; 0x08
    1462:	f1 85       	ldd	r31, Z+9	; 0x09
    1464:	e0 2d       	mov	r30, r0
    1466:	60 e0       	ldi	r22, 0x00	; 0
    1468:	09 95       	icall
    146a:	8a 81       	ldd	r24, Y+2	; 0x02
    146c:	9b 81       	ldd	r25, Y+3	; 0x03
    146e:	dc 01       	movw	r26, r24
    1470:	ed 91       	ld	r30, X+
    1472:	fc 91       	ld	r31, X
    1474:	04 84       	ldd	r0, Z+12	; 0x0c
    1476:	f5 85       	ldd	r31, Z+13	; 0x0d
    1478:	e0 2d       	mov	r30, r0
    147a:	60 e0       	ldi	r22, 0x00	; 0
    147c:	09 95       	icall
    147e:	8c 81       	ldd	r24, Y+4	; 0x04
    1480:	9d 81       	ldd	r25, Y+5	; 0x05
    1482:	dc 01       	movw	r26, r24
    1484:	ed 91       	ld	r30, X+
    1486:	fc 91       	ld	r31, X
    1488:	00 88       	ldd	r0, Z+16	; 0x10
    148a:	f1 89       	ldd	r31, Z+17	; 0x11
    148c:	e0 2d       	mov	r30, r0
    148e:	09 95       	icall
    1490:	8e 81       	ldd	r24, Y+6	; 0x06
    1492:	9f 81       	ldd	r25, Y+7	; 0x07
    1494:	dc 01       	movw	r26, r24
    1496:	ed 91       	ld	r30, X+
    1498:	fc 91       	ld	r31, X
    149a:	00 88       	ldd	r0, Z+16	; 0x10
    149c:	f1 89       	ldd	r31, Z+17	; 0x11
    149e:	e0 2d       	mov	r30, r0
    14a0:	09 95       	icall
    14a2:	8a 85       	ldd	r24, Y+10	; 0x0a
    14a4:	9b 85       	ldd	r25, Y+11	; 0x0b
    14a6:	dc 01       	movw	r26, r24
    14a8:	ed 91       	ld	r30, X+
    14aa:	fc 91       	ld	r31, X
    14ac:	00 84       	ldd	r0, Z+8	; 0x08
    14ae:	f1 85       	ldd	r31, Z+9	; 0x09
    14b0:	e0 2d       	mov	r30, r0
    14b2:	60 e0       	ldi	r22, 0x00	; 0
    14b4:	09 95       	icall
    14b6:	df 91       	pop	r29
    14b8:	cf 91       	pop	r28
    14ba:	08 95       	ret

000014bc <_ZN5logic5Logic26handleDebounceTimerTimeoutEv>:
    if (myButton.read()) { handleButtonPressed(); }
}

// -----------------------------------------------------------------------------
void Logic::handleDebounceTimerTimeout() noexcept
{
    14bc:	cf 93       	push	r28
    14be:	df 93       	push	r29
    14c0:	ec 01       	movw	r28, r24
    myDebounceTimer.stop();
    14c2:	8c 81       	ldd	r24, Y+4	; 0x04
    14c4:	9d 81       	ldd	r25, Y+5	; 0x05
    14c6:	dc 01       	movw	r26, r24
    14c8:	ed 91       	ld	r30, X+
    14ca:	fc 91       	ld	r31, X
    14cc:	00 88       	ldd	r0, Z+16	; 0x10
    14ce:	f1 89       	ldd	r31, Z+17	; 0x11
    14d0:	e0 2d       	mov	r30, r0
    14d2:	09 95       	icall
    myButton.enableInterruptOnPort(true);
    14d4:	8a 81       	ldd	r24, Y+2	; 0x02
    14d6:	9b 81       	ldd	r25, Y+3	; 0x03
    14d8:	dc 01       	movw	r26, r24
    14da:	ed 91       	ld	r30, X+
    14dc:	fc 91       	ld	r31, X
    14de:	06 84       	ldd	r0, Z+14	; 0x0e
    14e0:	f7 85       	ldd	r31, Z+15	; 0x0f
    14e2:	e0 2d       	mov	r30, r0
    14e4:	61 e0       	ldi	r22, 0x01	; 1
    14e6:	09 95       	icall
}
    14e8:	df 91       	pop	r29
    14ea:	cf 91       	pop	r28
    14ec:	08 95       	ret

000014ee <_ZNK6driver6serial9Interface6printfIIEEEbPKcDpRKT_>:

// -----------------------------------------------------------------------------
template <typename... Args>
bool Interface::printf(const char* format, const Args&... args) const noexcept
{
    if (nullptr == format) { return false; }
    14ee:	61 15       	cp	r22, r1
    14f0:	71 05       	cpc	r23, r1
    14f2:	49 f0       	breq	.+18     	; 0x1506 <_ZNK6driver6serial9Interface6printfIIEEEbPKcDpRKT_+0x18>
        char buffer[length]{'\0'};
        (void) snprintf(buffer, length, format, args...);
        print(buffer);
    }
    // Print the string.
    else { print(format); }
    14f4:	dc 01       	movw	r26, r24
    14f6:	ed 91       	ld	r30, X+
    14f8:	fc 91       	ld	r31, X
    14fa:	04 84       	ldd	r0, Z+12	; 0x0c
    14fc:	f5 85       	ldd	r31, Z+13	; 0x0d
    14fe:	e0 2d       	mov	r30, r0
    1500:	09 95       	icall
    return true;
    1502:	81 e0       	ldi	r24, 0x01	; 1
    1504:	08 95       	ret

// -----------------------------------------------------------------------------
template <typename... Args>
bool Interface::printf(const char* format, const Args&... args) const noexcept
{
    if (nullptr == format) { return false; }
    1506:	80 e0       	ldi	r24, 0x00	; 0
        print(buffer);
    }
    // Print the string.
    else { print(format); }
    return true;
}
    1508:	08 95       	ret

0000150a <_ZN5logic5Logic24handleToggleTimerTimeoutEv>:

// -----------------------------------------------------------------------------
void Logic::handleToggleTimerTimeout() noexcept 
{ 
    150a:	cf 93       	push	r28
    150c:	df 93       	push	r29
    150e:	ec 01       	movw	r28, r24
    mySerial.printf("Toggling the LED!\n");
    1510:	64 e2       	ldi	r22, 0x24	; 36
    1512:	72 e0       	ldi	r23, 0x02	; 2
    1514:	88 85       	ldd	r24, Y+8	; 0x08
    1516:	99 85       	ldd	r25, Y+9	; 0x09
    1518:	0e 94 77 0a 	call	0x14ee	; 0x14ee <_ZNK6driver6serial9Interface6printfIIEEEbPKcDpRKT_>
    myLed.toggle(); 
    151c:	88 81       	ld	r24, Y
    151e:	99 81       	ldd	r25, Y+1	; 0x01
    1520:	dc 01       	movw	r26, r24
    1522:	ed 91       	ld	r30, X+
    1524:	fc 91       	ld	r31, X
    1526:	02 84       	ldd	r0, Z+10	; 0x0a
    1528:	f3 85       	ldd	r31, Z+11	; 0x0b
    152a:	e0 2d       	mov	r30, r0
    152c:	09 95       	icall
}
    152e:	df 91       	pop	r29
    1530:	cf 91       	pop	r28
    1532:	08 95       	ret

00001534 <_ZN5logic5Logic3runEv>:

// -----------------------------------------------------------------------------
void Logic::run() noexcept
{
    1534:	ec 01       	movw	r28, r24
    mySerial.printf("Running the system!\n");
    1536:	67 e3       	ldi	r22, 0x37	; 55
    1538:	72 e0       	ldi	r23, 0x02	; 2
    153a:	88 85       	ldd	r24, Y+8	; 0x08
    153c:	99 85       	ldd	r25, Y+9	; 0x09
    153e:	0e 94 77 0a 	call	0x14ee	; 0x14ee <_ZNK6driver6serial9Interface6printfIIEEEbPKcDpRKT_>
    
    while (1)
    {
        myWatchdog.reset();
    1542:	8a 85       	ldd	r24, Y+10	; 0x0a
    1544:	9b 85       	ldd	r25, Y+11	; 0x0b
    1546:	dc 01       	movw	r26, r24
    1548:	ed 91       	ld	r30, X+
    154a:	fc 91       	ld	r31, X
    154c:	04 84       	ldd	r0, Z+12	; 0x0c
    154e:	f5 85       	ldd	r31, Z+13	; 0x0d
    1550:	e0 2d       	mov	r30, r0
    1552:	09 95       	icall
    1554:	f6 cf       	rjmp	.-20     	; 0x1542 <_ZN5logic5Logic3runEv+0xe>

00001556 <_ZNK6driver6eeprom9Interface5writeIbEEbjRKT_>:
    virtual uint8_t readByte(const uint16_t address) const = 0;
};

// -----------------------------------------------------------------------------
template <typename T>
bool Interface::write(const uint16_t address, const T& data) const noexcept
    1556:	df 92       	push	r13
    1558:	ef 92       	push	r14
    155a:	ff 92       	push	r15
    155c:	0f 93       	push	r16
    155e:	1f 93       	push	r17
    1560:	cf 93       	push	r28
    1562:	df 93       	push	r29
    1564:	ec 01       	movw	r28, r24
    1566:	8b 01       	movw	r16, r22
    1568:	7a 01       	movw	r14, r20
    // Generate a compiler error if the given type isn't of unsigned type.
    static_assert(type_traits::is_unsigned<T>::value, 
        "EEPROM write only supported for unsigned data types!");

    // Return false is the given address in invalid or if the EEPROM stream isn't enabled.
    if (!isAddressValid(address, sizeof(T)) || !isEnabled()) { return false; }
    156a:	e8 81       	ld	r30, Y
    156c:	f9 81       	ldd	r31, Y+1	; 0x01
    156e:	02 84       	ldd	r0, Z+10	; 0x0a
    1570:	f3 85       	ldd	r31, Z+11	; 0x0b
    1572:	e0 2d       	mov	r30, r0
    1574:	41 e0       	ldi	r20, 0x01	; 1
    1576:	09 95       	icall
    1578:	d8 2e       	mov	r13, r24
    157a:	88 23       	and	r24, r24
    157c:	59 f0       	breq	.+22     	; 0x1594 <_ZNK6driver6eeprom9Interface5writeIbEEbjRKT_+0x3e>
    157e:	e8 81       	ld	r30, Y
    1580:	f9 81       	ldd	r31, Y+1	; 0x01
    1582:	06 80       	ldd	r0, Z+6	; 0x06
    1584:	f7 81       	ldd	r31, Z+7	; 0x07
    1586:	e0 2d       	mov	r30, r0
    1588:	ce 01       	movw	r24, r28
    158a:	09 95       	icall
    158c:	88 23       	and	r24, r24
    158e:	21 f0       	breq	.+8      	; 0x1598 <_ZNK6driver6eeprom9Interface5writeIbEEbjRKT_+0x42>
    1590:	d1 2c       	mov	r13, r1
    1592:	02 c0       	rjmp	.+4      	; 0x1598 <_ZNK6driver6eeprom9Interface5writeIbEEbjRKT_+0x42>
    1594:	dd 24       	eor	r13, r13
    1596:	d3 94       	inc	r13
    1598:	d1 10       	cpse	r13, r1
    159a:	1e c0       	rjmp	.+60     	; 0x15d8 <_ZNK6driver6eeprom9Interface5writeIbEEbjRKT_+0x82>
    
    // Write each byte to EEPROM, one at a time.
    for (uint8_t i{}; i < sizeof(T); ++i)
    159c:	d1 10       	cpse	r13, r1
    159e:	1e c0       	rjmp	.+60     	; 0x15dc <_ZNK6driver6eeprom9Interface5writeIbEEbjRKT_+0x86>
    {
        writeByte(address + i, static_cast<uint8_t>(data >> (8U * i)));
    15a0:	e8 81       	ld	r30, Y
    15a2:	f9 81       	ldd	r31, Y+1	; 0x01
    15a4:	04 84       	ldd	r0, Z+12	; 0x0c
    15a6:	f5 85       	ldd	r31, Z+13	; 0x0d
    15a8:	e0 2d       	mov	r30, r0
    15aa:	6d 2d       	mov	r22, r13
    15ac:	70 e0       	ldi	r23, 0x00	; 0
    15ae:	d7 01       	movw	r26, r14
    15b0:	4c 91       	ld	r20, X
    15b2:	50 e0       	ldi	r21, 0x00	; 0
    15b4:	cb 01       	movw	r24, r22
    15b6:	88 0f       	add	r24, r24
    15b8:	99 1f       	adc	r25, r25
    15ba:	88 0f       	add	r24, r24
    15bc:	99 1f       	adc	r25, r25
    15be:	88 0f       	add	r24, r24
    15c0:	99 1f       	adc	r25, r25
    15c2:	02 c0       	rjmp	.+4      	; 0x15c8 <_ZNK6driver6eeprom9Interface5writeIbEEbjRKT_+0x72>
    15c4:	55 95       	asr	r21
    15c6:	47 95       	ror	r20
    15c8:	8a 95       	dec	r24
    15ca:	e2 f7       	brpl	.-8      	; 0x15c4 <_ZNK6driver6eeprom9Interface5writeIbEEbjRKT_+0x6e>
    15cc:	60 0f       	add	r22, r16
    15ce:	71 1f       	adc	r23, r17
    15d0:	ce 01       	movw	r24, r28
    15d2:	09 95       	icall

    // Return false is the given address in invalid or if the EEPROM stream isn't enabled.
    if (!isAddressValid(address, sizeof(T)) || !isEnabled()) { return false; }
    
    // Write each byte to EEPROM, one at a time.
    for (uint8_t i{}; i < sizeof(T); ++i)
    15d4:	d3 94       	inc	r13
    15d6:	e2 cf       	rjmp	.-60     	; 0x159c <_ZNK6driver6eeprom9Interface5writeIbEEbjRKT_+0x46>
    // Generate a compiler error if the given type isn't of unsigned type.
    static_assert(type_traits::is_unsigned<T>::value, 
        "EEPROM write only supported for unsigned data types!");

    // Return false is the given address in invalid or if the EEPROM stream isn't enabled.
    if (!isAddressValid(address, sizeof(T)) || !isEnabled()) { return false; }
    15d8:	80 e0       	ldi	r24, 0x00	; 0
    15da:	01 c0       	rjmp	.+2      	; 0x15de <_ZNK6driver6eeprom9Interface5writeIbEEbjRKT_+0x88>
    for (uint8_t i{}; i < sizeof(T); ++i)
    {
        writeByte(address + i, static_cast<uint8_t>(data >> (8U * i)));
    }
    // Return true to indicate success.
    return true;
    15dc:	81 e0       	ldi	r24, 0x01	; 1
}
    15de:	df 91       	pop	r29
    15e0:	cf 91       	pop	r28
    15e2:	1f 91       	pop	r17
    15e4:	0f 91       	pop	r16
    15e6:	ff 90       	pop	r15
    15e8:	ef 90       	pop	r14
    15ea:	df 90       	pop	r13
    15ec:	08 95       	ret

000015ee <_ZN5logic5Logic21writeLedStateToEepromEv>:
    }
}

// -----------------------------------------------------------------------------
void Logic::writeLedStateToEeprom() noexcept
{ 
    15ee:	0f 93       	push	r16
    15f0:	1f 93       	push	r17
    15f2:	cf 93       	push	r28
    15f4:	df 93       	push	r29
    15f6:	1f 92       	push	r1
    15f8:	cd b7       	in	r28, 0x3d	; 61
    15fa:	de b7       	in	r29, 0x3e	; 62
    15fc:	8c 01       	movw	r16, r24
    myEeprom.write(LedState::address, myToggleTimer.isEnabled());
    15fe:	dc 01       	movw	r26, r24
    1600:	16 96       	adiw	r26, 0x06	; 6
    1602:	8d 91       	ld	r24, X+
    1604:	9c 91       	ld	r25, X
    1606:	17 97       	sbiw	r26, 0x07	; 7
    1608:	dc 01       	movw	r26, r24
    160a:	ed 91       	ld	r30, X+
    160c:	fc 91       	ld	r31, X
    160e:	06 80       	ldd	r0, Z+6	; 0x06
    1610:	f7 81       	ldd	r31, Z+7	; 0x07
    1612:	e0 2d       	mov	r30, r0
    1614:	09 95       	icall
    1616:	89 83       	std	Y+1, r24	; 0x01
    1618:	ae 01       	movw	r20, r28
    161a:	4f 5f       	subi	r20, 0xFF	; 255
    161c:	5f 4f       	sbci	r21, 0xFF	; 255
    161e:	60 e0       	ldi	r22, 0x00	; 0
    1620:	70 e0       	ldi	r23, 0x00	; 0
    1622:	f8 01       	movw	r30, r16
    1624:	84 85       	ldd	r24, Z+12	; 0x0c
    1626:	95 85       	ldd	r25, Z+13	; 0x0d
    1628:	0e 94 ab 0a 	call	0x1556	; 0x1556 <_ZNK6driver6eeprom9Interface5writeIbEEbjRKT_>
}
    162c:	0f 90       	pop	r0
    162e:	df 91       	pop	r29
    1630:	cf 91       	pop	r28
    1632:	1f 91       	pop	r17
    1634:	0f 91       	pop	r16
    1636:	08 95       	ret

00001638 <_ZN5logic5Logic19handleButtonPressedEv>:
    }
}

// -----------------------------------------------------------------------------
void Logic::handleButtonPressed() noexcept
{
    1638:	cf 93       	push	r28
    163a:	df 93       	push	r29
    163c:	ec 01       	movw	r28, r24
    mySerial.printf("Button pressed!\n");
    163e:	6c e4       	ldi	r22, 0x4C	; 76
    1640:	72 e0       	ldi	r23, 0x02	; 2
    1642:	88 85       	ldd	r24, Y+8	; 0x08
    1644:	99 85       	ldd	r25, Y+9	; 0x09
    1646:	0e 94 77 0a 	call	0x14ee	; 0x14ee <_ZNK6driver6serial9Interface6printfIIEEEbPKcDpRKT_>
    myToggleTimer.toggle();
    164a:	8e 81       	ldd	r24, Y+6	; 0x06
    164c:	9f 81       	ldd	r25, Y+7	; 0x07
    164e:	dc 01       	movw	r26, r24
    1650:	ed 91       	ld	r30, X+
    1652:	fc 91       	ld	r31, X
    1654:	02 88       	ldd	r0, Z+18	; 0x12
    1656:	f3 89       	ldd	r31, Z+19	; 0x13
    1658:	e0 2d       	mov	r30, r0
    165a:	09 95       	icall
    writeLedStateToEeprom();
    165c:	ce 01       	movw	r24, r28
    165e:	0e 94 f7 0a 	call	0x15ee	; 0x15ee <_ZN5logic5Logic21writeLedStateToEepromEv>

    if (myToggleTimer.isEnabled()) { mySerial.printf("Toggle timer enabled!\n"); }
    1662:	8e 81       	ldd	r24, Y+6	; 0x06
    1664:	9f 81       	ldd	r25, Y+7	; 0x07
    1666:	dc 01       	movw	r26, r24
    1668:	ed 91       	ld	r30, X+
    166a:	fc 91       	ld	r31, X
    166c:	06 80       	ldd	r0, Z+6	; 0x06
    166e:	f7 81       	ldd	r31, Z+7	; 0x07
    1670:	e0 2d       	mov	r30, r0
    1672:	09 95       	icall
    1674:	88 23       	and	r24, r24
    1676:	39 f0       	breq	.+14     	; 0x1686 <_ZN5logic5Logic19handleButtonPressedEv+0x4e>
    1678:	6d e5       	ldi	r22, 0x5D	; 93
    167a:	72 e0       	ldi	r23, 0x02	; 2
    167c:	88 85       	ldd	r24, Y+8	; 0x08
    167e:	99 85       	ldd	r25, Y+9	; 0x09
    1680:	0e 94 77 0a 	call	0x14ee	; 0x14ee <_ZNK6driver6serial9Interface6printfIIEEEbPKcDpRKT_>
    1684:	10 c0       	rjmp	.+32     	; 0x16a6 <_ZN5logic5Logic19handleButtonPressedEv+0x6e>
    else
    {
        mySerial.printf("Toggle timer disabled!\n");
    1686:	64 e7       	ldi	r22, 0x74	; 116
    1688:	72 e0       	ldi	r23, 0x02	; 2
    168a:	88 85       	ldd	r24, Y+8	; 0x08
    168c:	99 85       	ldd	r25, Y+9	; 0x09
    168e:	0e 94 77 0a 	call	0x14ee	; 0x14ee <_ZNK6driver6serial9Interface6printfIIEEEbPKcDpRKT_>
        myLed.write(false);
    1692:	88 81       	ld	r24, Y
    1694:	99 81       	ldd	r25, Y+1	; 0x01
    1696:	dc 01       	movw	r26, r24
    1698:	ed 91       	ld	r30, X+
    169a:	fc 91       	ld	r31, X
    169c:	00 84       	ldd	r0, Z+8	; 0x08
    169e:	f1 85       	ldd	r31, Z+9	; 0x09
    16a0:	e0 2d       	mov	r30, r0
    16a2:	60 e0       	ldi	r22, 0x00	; 0
    16a4:	09 95       	icall
    }
}
    16a6:	df 91       	pop	r29
    16a8:	cf 91       	pop	r28
    16aa:	08 95       	ret

000016ac <_ZN5logic5Logic17handleButtonEventEv>:
    mySerial.setEnabled(enable);
}

// -----------------------------------------------------------------------------
void Logic::handleButtonEvent() noexcept
{
    16ac:	cf 93       	push	r28
    16ae:	df 93       	push	r29
    16b0:	ec 01       	movw	r28, r24
    myButton.enableInterruptOnPort(false);
    16b2:	8a 81       	ldd	r24, Y+2	; 0x02
    16b4:	9b 81       	ldd	r25, Y+3	; 0x03
    16b6:	dc 01       	movw	r26, r24
    16b8:	ed 91       	ld	r30, X+
    16ba:	fc 91       	ld	r31, X
    16bc:	06 84       	ldd	r0, Z+14	; 0x0e
    16be:	f7 85       	ldd	r31, Z+15	; 0x0f
    16c0:	e0 2d       	mov	r30, r0
    16c2:	60 e0       	ldi	r22, 0x00	; 0
    16c4:	09 95       	icall
    myDebounceTimer.start();
    16c6:	8c 81       	ldd	r24, Y+4	; 0x04
    16c8:	9d 81       	ldd	r25, Y+5	; 0x05
    16ca:	dc 01       	movw	r26, r24
    16cc:	ed 91       	ld	r30, X+
    16ce:	fc 91       	ld	r31, X
    16d0:	06 84       	ldd	r0, Z+14	; 0x0e
    16d2:	f7 85       	ldd	r31, Z+15	; 0x0f
    16d4:	e0 2d       	mov	r30, r0
    16d6:	09 95       	icall
    if (myButton.read()) { handleButtonPressed(); }
    16d8:	8a 81       	ldd	r24, Y+2	; 0x02
    16da:	9b 81       	ldd	r25, Y+3	; 0x03
    16dc:	dc 01       	movw	r26, r24
    16de:	ed 91       	ld	r30, X+
    16e0:	fc 91       	ld	r31, X
    16e2:	06 80       	ldd	r0, Z+6	; 0x06
    16e4:	f7 81       	ldd	r31, Z+7	; 0x07
    16e6:	e0 2d       	mov	r30, r0
    16e8:	09 95       	icall
    16ea:	88 23       	and	r24, r24
    16ec:	19 f0       	breq	.+6      	; 0x16f4 <_ZN5logic5Logic17handleButtonEventEv+0x48>
    16ee:	ce 01       	movw	r24, r28
    16f0:	0e 94 1c 0b 	call	0x1638	; 0x1638 <_ZN5logic5Logic19handleButtonPressedEv>
}
    16f4:	df 91       	pop	r29
    16f6:	cf 91       	pop	r28
    16f8:	08 95       	ret

000016fa <_ZNK6driver6eeprom9Interface4readIhEEbjRT_>:

// -----------------------------------------------------------------------------
template <typename T>
bool Interface::read(const uint16_t address, T& data) const noexcept
    16fa:	af 92       	push	r10
    16fc:	bf 92       	push	r11
    16fe:	df 92       	push	r13
    1700:	ef 92       	push	r14
    1702:	ff 92       	push	r15
    1704:	0f 93       	push	r16
    1706:	1f 93       	push	r17
    1708:	cf 93       	push	r28
    170a:	df 93       	push	r29
    170c:	ec 01       	movw	r28, r24
    170e:	7b 01       	movw	r14, r22
    1710:	8a 01       	movw	r16, r20
    // Generate a compiler error if the given type isn't of unsigned type.
    static_assert(type_traits::is_unsigned<T>::value, 
        "EEPROM read only supported for unsigned data types!");

    // Return false is the given address in invalid or if the EEPROM stream isn't enabled.
    if (!isAddressValid(address, sizeof(T)) || !isEnabled()) { return false; }
    1712:	e8 81       	ld	r30, Y
    1714:	f9 81       	ldd	r31, Y+1	; 0x01
    1716:	02 84       	ldd	r0, Z+10	; 0x0a
    1718:	f3 85       	ldd	r31, Z+11	; 0x0b
    171a:	e0 2d       	mov	r30, r0
    171c:	41 e0       	ldi	r20, 0x01	; 1
    171e:	09 95       	icall
    1720:	d8 2e       	mov	r13, r24
    1722:	88 23       	and	r24, r24
    1724:	59 f0       	breq	.+22     	; 0x173c <_ZNK6driver6eeprom9Interface4readIhEEbjRT_+0x42>
    1726:	e8 81       	ld	r30, Y
    1728:	f9 81       	ldd	r31, Y+1	; 0x01
    172a:	06 80       	ldd	r0, Z+6	; 0x06
    172c:	f7 81       	ldd	r31, Z+7	; 0x07
    172e:	e0 2d       	mov	r30, r0
    1730:	ce 01       	movw	r24, r28
    1732:	09 95       	icall
    1734:	88 23       	and	r24, r24
    1736:	21 f0       	breq	.+8      	; 0x1740 <_ZNK6driver6eeprom9Interface4readIhEEbjRT_+0x46>
    1738:	d1 2c       	mov	r13, r1
    173a:	02 c0       	rjmp	.+4      	; 0x1740 <_ZNK6driver6eeprom9Interface4readIhEEbjRT_+0x46>
    173c:	dd 24       	eor	r13, r13
    173e:	d3 94       	inc	r13
    1740:	d1 10       	cpse	r13, r1
    1742:	22 c0       	rjmp	.+68     	; 0x1788 <_ZNK6driver6eeprom9Interface4readIhEEbjRT_+0x8e>
    data = {};
    1744:	f8 01       	movw	r30, r16
    1746:	10 82       	st	Z, r1

    // Read each byte from EEPROM, one at a type.
    for (uint8_t i{}; i < sizeof(T); ++i) 
    1748:	d1 10       	cpse	r13, r1
    174a:	20 c0       	rjmp	.+64     	; 0x178c <_ZNK6driver6eeprom9Interface4readIhEEbjRT_+0x92>
    { 
        data |= static_cast<T>(readByte(address + i) << (8U * i));
    174c:	ad 2c       	mov	r10, r13
    174e:	b1 2c       	mov	r11, r1
    1750:	b7 01       	movw	r22, r14
    1752:	6a 0d       	add	r22, r10
    1754:	7b 1d       	adc	r23, r11
    1756:	e8 81       	ld	r30, Y
    1758:	f9 81       	ldd	r31, Y+1	; 0x01
    175a:	06 84       	ldd	r0, Z+14	; 0x0e
    175c:	f7 85       	ldd	r31, Z+15	; 0x0f
    175e:	e0 2d       	mov	r30, r0
    1760:	ce 01       	movw	r24, r28
    1762:	09 95       	icall
    1764:	90 e0       	ldi	r25, 0x00	; 0
    1766:	aa 0c       	add	r10, r10
    1768:	bb 1c       	adc	r11, r11
    176a:	aa 0c       	add	r10, r10
    176c:	bb 1c       	adc	r11, r11
    176e:	aa 0c       	add	r10, r10
    1770:	bb 1c       	adc	r11, r11
    1772:	02 c0       	rjmp	.+4      	; 0x1778 <_ZNK6driver6eeprom9Interface4readIhEEbjRT_+0x7e>
    1774:	88 0f       	add	r24, r24
    1776:	99 1f       	adc	r25, r25
    1778:	aa 94       	dec	r10
    177a:	e2 f7       	brpl	.-8      	; 0x1774 <_ZNK6driver6eeprom9Interface4readIhEEbjRT_+0x7a>
    177c:	f8 01       	movw	r30, r16
    177e:	90 81       	ld	r25, Z
    1780:	89 2b       	or	r24, r25
    1782:	80 83       	st	Z, r24
    // Return false is the given address in invalid or if the EEPROM stream isn't enabled.
    if (!isAddressValid(address, sizeof(T)) || !isEnabled()) { return false; }
    data = {};

    // Read each byte from EEPROM, one at a type.
    for (uint8_t i{}; i < sizeof(T); ++i) 
    1784:	d3 94       	inc	r13
    1786:	e0 cf       	rjmp	.-64     	; 0x1748 <_ZNK6driver6eeprom9Interface4readIhEEbjRT_+0x4e>
    // Generate a compiler error if the given type isn't of unsigned type.
    static_assert(type_traits::is_unsigned<T>::value, 
        "EEPROM read only supported for unsigned data types!");

    // Return false is the given address in invalid or if the EEPROM stream isn't enabled.
    if (!isAddressValid(address, sizeof(T)) || !isEnabled()) { return false; }
    1788:	80 e0       	ldi	r24, 0x00	; 0
    178a:	01 c0       	rjmp	.+2      	; 0x178e <_ZNK6driver6eeprom9Interface4readIhEEbjRT_+0x94>
    for (uint8_t i{}; i < sizeof(T); ++i) 
    { 
        data |= static_cast<T>(readByte(address + i) << (8U * i));
    }
    // Return true to indicate success.
    return true;
    178c:	81 e0       	ldi	r24, 0x01	; 1
}
    178e:	df 91       	pop	r29
    1790:	cf 91       	pop	r28
    1792:	1f 91       	pop	r17
    1794:	0f 91       	pop	r16
    1796:	ff 90       	pop	r15
    1798:	ef 90       	pop	r14
    179a:	df 90       	pop	r13
    179c:	bf 90       	pop	r11
    179e:	af 90       	pop	r10
    17a0:	08 95       	ret

000017a2 <_ZNK5logic5Logic22readLedStateFromEepromEv>:
    myEeprom.write(LedState::address, myToggleTimer.isEnabled());
}

// -----------------------------------------------------------------------------
bool Logic::readLedStateFromEeprom() const noexcept
{
    17a2:	cf 93       	push	r28
    17a4:	df 93       	push	r29
    17a6:	1f 92       	push	r1
    17a8:	cd b7       	in	r28, 0x3d	; 61
    17aa:	de b7       	in	r29, 0x3e	; 62
    uint8_t state{};
    17ac:	19 82       	std	Y+1, r1	; 0x01
    return myEeprom.read(LedState::address, state) ? LedState::enabled == state : false;
    17ae:	ae 01       	movw	r20, r28
    17b0:	4f 5f       	subi	r20, 0xFF	; 255
    17b2:	5f 4f       	sbci	r21, 0xFF	; 255
    17b4:	60 e0       	ldi	r22, 0x00	; 0
    17b6:	70 e0       	ldi	r23, 0x00	; 0
    17b8:	fc 01       	movw	r30, r24
    17ba:	84 85       	ldd	r24, Z+12	; 0x0c
    17bc:	95 85       	ldd	r25, Z+13	; 0x0d
    17be:	0e 94 7d 0b 	call	0x16fa	; 0x16fa <_ZNK6driver6eeprom9Interface4readIhEEbjRT_>
    17c2:	88 23       	and	r24, r24
    17c4:	29 f0       	breq	.+10     	; 0x17d0 <_ZNK5logic5Logic22readLedStateFromEepromEv+0x2e>
    17c6:	99 81       	ldd	r25, Y+1	; 0x01
    17c8:	81 e0       	ldi	r24, 0x01	; 1
    17ca:	91 30       	cpi	r25, 0x01	; 1
    17cc:	09 f0       	breq	.+2      	; 0x17d0 <_ZNK5logic5Logic22readLedStateFromEepromEv+0x2e>
    17ce:	80 e0       	ldi	r24, 0x00	; 0
}
    17d0:	0f 90       	pop	r0
    17d2:	df 91       	pop	r29
    17d4:	cf 91       	pop	r28
    17d6:	08 95       	ret

000017d8 <_ZN5logic5Logic21checkLedStateInEepromEv>:
    }
}

// -----------------------------------------------------------------------------
void Logic::checkLedStateInEeprom() noexcept
{
    17d8:	cf 93       	push	r28
    17da:	df 93       	push	r29
    17dc:	ec 01       	movw	r28, r24
    if (readLedStateFromEeprom())
    17de:	0e 94 d1 0b 	call	0x17a2	; 0x17a2 <_ZNK5logic5Logic22readLedStateFromEepromEv>
    17e2:	88 23       	and	r24, r24
    17e4:	79 f0       	breq	.+30     	; 0x1804 <_ZN5logic5Logic21checkLedStateInEepromEv+0x2c>
    {
        myToggleTimer.start();
    17e6:	8e 81       	ldd	r24, Y+6	; 0x06
    17e8:	9f 81       	ldd	r25, Y+7	; 0x07
    17ea:	dc 01       	movw	r26, r24
    17ec:	ed 91       	ld	r30, X+
    17ee:	fc 91       	ld	r31, X
    17f0:	06 84       	ldd	r0, Z+14	; 0x0e
    17f2:	f7 85       	ldd	r31, Z+15	; 0x0f
    17f4:	e0 2d       	mov	r30, r0
    17f6:	09 95       	icall
        mySerial.printf("Toggle timer enabled!\n");
    17f8:	6d e5       	ldi	r22, 0x5D	; 93
    17fa:	72 e0       	ldi	r23, 0x02	; 2
    17fc:	88 85       	ldd	r24, Y+8	; 0x08
    17fe:	99 85       	ldd	r25, Y+9	; 0x09
    1800:	0e 94 77 0a 	call	0x14ee	; 0x14ee <_ZNK6driver6serial9Interface6printfIIEEEbPKcDpRKT_>
    }
}
    1804:	df 91       	pop	r29
    1806:	cf 91       	pop	r28
    1808:	08 95       	ret

0000180a <_ZN5logic5LogicC1ERN6driver4gpio9InterfaceES4_RNS1_5timer9InterfaceES7_RNS1_6serial9InterfaceERNS1_8watchdog9InterfaceERNS1_6eeprom9InterfaceERNS1_3adc9InterfaceE>:
    /** Enabled state value in EEPROM. */
    static constexpr uint8_t enabled{1U};
};

// -----------------------------------------------------------------------------
Logic::Logic(driver::gpio::Interface& led, driver::gpio::Interface& button,
    180a:	6f 92       	push	r6
    180c:	7f 92       	push	r7
    180e:	8f 92       	push	r8
    1810:	9f 92       	push	r9
    1812:	af 92       	push	r10
    1814:	bf 92       	push	r11
    1816:	cf 92       	push	r12
    1818:	df 92       	push	r13
    181a:	ef 92       	push	r14
    181c:	ff 92       	push	r15
    181e:	0f 93       	push	r16
    1820:	1f 93       	push	r17
    1822:	cf 93       	push	r28
    1824:	df 93       	push	r29
    1826:	cd b7       	in	r28, 0x3d	; 61
    1828:	de b7       	in	r29, 0x3e	; 62
    182a:	3c 01       	movw	r6, r24
    182c:	ca 01       	movw	r24, r20
    , myDebounceTimer{debounceTimer}
    , myToggleTimer{toggleTimer}
    , mySerial{serial}
    , myWatchdog{watchdog}
    , myEeprom{eeprom}
    , myAdc{adc}
    182e:	d3 01       	movw	r26, r6
    1830:	11 96       	adiw	r26, 0x01	; 1
    1832:	7c 93       	st	X, r23
    1834:	6e 93       	st	-X, r22
    1836:	13 96       	adiw	r26, 0x03	; 3
    1838:	5c 93       	st	X, r21
    183a:	4e 93       	st	-X, r20
    183c:	12 97       	sbiw	r26, 0x02	; 2
    183e:	15 96       	adiw	r26, 0x05	; 5
    1840:	3c 93       	st	X, r19
    1842:	2e 93       	st	-X, r18
    1844:	14 97       	sbiw	r26, 0x04	; 4
    1846:	17 96       	adiw	r26, 0x07	; 7
    1848:	1c 93       	st	X, r17
    184a:	0e 93       	st	-X, r16
    184c:	16 97       	sbiw	r26, 0x06	; 6
    184e:	19 96       	adiw	r26, 0x09	; 9
    1850:	fc 92       	st	X, r15
    1852:	ee 92       	st	-X, r14
    1854:	18 97       	sbiw	r26, 0x08	; 8
    1856:	1b 96       	adiw	r26, 0x0b	; 11
    1858:	dc 92       	st	X, r13
    185a:	ce 92       	st	-X, r12
    185c:	1a 97       	sbiw	r26, 0x0a	; 10
    185e:	1d 96       	adiw	r26, 0x0d	; 13
    1860:	bc 92       	st	X, r11
    1862:	ae 92       	st	-X, r10
    1864:	1c 97       	sbiw	r26, 0x0c	; 12
    1866:	1f 96       	adiw	r26, 0x0f	; 15
    1868:	9c 92       	st	X, r9
    186a:	8e 92       	st	-X, r8
    186c:	1e 97       	sbiw	r26, 0x0e	; 14
{
    myButton.enableInterrupt(true);
    186e:	da 01       	movw	r26, r20
    1870:	ed 91       	ld	r30, X+
    1872:	fc 91       	ld	r31, X
    1874:	04 84       	ldd	r0, Z+12	; 0x0c
    1876:	f5 85       	ldd	r31, Z+13	; 0x0d
    1878:	e0 2d       	mov	r30, r0
    187a:	61 e0       	ldi	r22, 0x01	; 1
    187c:	09 95       	icall
    mySerial.setEnabled(true);
    187e:	f3 01       	movw	r30, r6
    1880:	80 85       	ldd	r24, Z+8	; 0x08
    1882:	91 85       	ldd	r25, Z+9	; 0x09
    1884:	dc 01       	movw	r26, r24
    1886:	ed 91       	ld	r30, X+
    1888:	fc 91       	ld	r31, X
    188a:	02 84       	ldd	r0, Z+10	; 0x0a
    188c:	f3 85       	ldd	r31, Z+11	; 0x0b
    188e:	e0 2d       	mov	r30, r0
    1890:	61 e0       	ldi	r22, 0x01	; 1
    1892:	09 95       	icall
    myWatchdog.setEnabled(true);
    1894:	f3 01       	movw	r30, r6
    1896:	82 85       	ldd	r24, Z+10	; 0x0a
    1898:	93 85       	ldd	r25, Z+11	; 0x0b
    189a:	dc 01       	movw	r26, r24
    189c:	ed 91       	ld	r30, X+
    189e:	fc 91       	ld	r31, X
    18a0:	00 84       	ldd	r0, Z+8	; 0x08
    18a2:	f1 85       	ldd	r31, Z+9	; 0x09
    18a4:	e0 2d       	mov	r30, r0
    18a6:	61 e0       	ldi	r22, 0x01	; 1
    18a8:	09 95       	icall
    myEeprom.setEnabled(true);
    18aa:	f3 01       	movw	r30, r6
    18ac:	84 85       	ldd	r24, Z+12	; 0x0c
    18ae:	95 85       	ldd	r25, Z+13	; 0x0d
    18b0:	dc 01       	movw	r26, r24
    18b2:	ed 91       	ld	r30, X+
    18b4:	fc 91       	ld	r31, X
    18b6:	00 84       	ldd	r0, Z+8	; 0x08
    18b8:	f1 85       	ldd	r31, Z+9	; 0x09
    18ba:	e0 2d       	mov	r30, r0
    18bc:	61 e0       	ldi	r22, 0x01	; 1
    18be:	09 95       	icall
    checkLedStateInEeprom();
    18c0:	c3 01       	movw	r24, r6
    18c2:	0e 94 ec 0b 	call	0x17d8	; 0x17d8 <_ZN5logic5Logic21checkLedStateInEepromEv>
}
    18c6:	df 91       	pop	r29
    18c8:	cf 91       	pop	r28
    18ca:	1f 91       	pop	r17
    18cc:	0f 91       	pop	r16
    18ce:	ff 90       	pop	r15
    18d0:	ef 90       	pop	r14
    18d2:	df 90       	pop	r13
    18d4:	cf 90       	pop	r12
    18d6:	bf 90       	pop	r11
    18d8:	af 90       	pop	r10
    18da:	9f 90       	pop	r9
    18dc:	8f 90       	pop	r8
    18de:	7f 90       	pop	r7
    18e0:	6f 90       	pop	r6
    18e2:	08 95       	ret

000018e4 <_ZN5utils21globalInterruptEnableEv>:
        _delay_us(1U);
    }
}

// -----------------------------------------------------------------------------
void globalInterruptEnable() noexcept { asm("SEI"); }
    18e4:	78 94       	sei
    18e6:	08 95       	ret

000018e8 <_ZN5utils22globalInterruptDisableEv>:

// -----------------------------------------------------------------------------
void globalInterruptDisable() noexcept { asm("CLI"); }
    18e8:	f8 94       	cli
    18ea:	08 95       	ret

000018ec <_ZdlPvj>:

/**
 * @note Definitions required to satisfy the linker when using C++ interfaces and static local 
 *       variables in embedded projects. 
 */
void operator delete(void*, unsigned int) noexcept {}
    18ec:	08 95       	ret

000018ee <__cxa_pure_virtual>:
extern "C" void __cxa_pure_virtual() {}
    18ee:	08 95       	ret

000018f0 <__cxa_guard_acquire>:
extern "C" int __cxa_guard_acquire (volatile void *g) { return !*(char *)g; }
    18f0:	fc 01       	movw	r30, r24
    18f2:	81 e0       	ldi	r24, 0x01	; 1
    18f4:	90 e0       	ldi	r25, 0x00	; 0
    18f6:	20 81       	ld	r18, Z
    18f8:	22 23       	and	r18, r18
    18fa:	11 f0       	breq	.+4      	; 0x1900 <__cxa_guard_acquire+0x10>
    18fc:	80 e0       	ldi	r24, 0x00	; 0
    18fe:	90 e0       	ldi	r25, 0x00	; 0
    1900:	08 95       	ret

00001902 <__cxa_guard_release>:
extern "C" void __cxa_guard_release (volatile void *g) { *(char *)g = 1; }
    1902:	21 e0       	ldi	r18, 0x01	; 1
    1904:	fc 01       	movw	r30, r24
    1906:	20 83       	st	Z, r18
    1908:	08 95       	ret

0000190a <__subsf3>:
    190a:	50 58       	subi	r21, 0x80	; 128

0000190c <__addsf3>:
    190c:	bb 27       	eor	r27, r27
    190e:	aa 27       	eor	r26, r26
    1910:	0e 94 9d 0c 	call	0x193a	; 0x193a <__addsf3x>
    1914:	0c 94 e7 0d 	jmp	0x1bce	; 0x1bce <__fp_round>
    1918:	0e 94 d9 0d 	call	0x1bb2	; 0x1bb2 <__fp_pscA>
    191c:	38 f0       	brcs	.+14     	; 0x192c <__addsf3+0x20>
    191e:	0e 94 e0 0d 	call	0x1bc0	; 0x1bc0 <__fp_pscB>
    1922:	20 f0       	brcs	.+8      	; 0x192c <__addsf3+0x20>
    1924:	39 f4       	brne	.+14     	; 0x1934 <__addsf3+0x28>
    1926:	9f 3f       	cpi	r25, 0xFF	; 255
    1928:	19 f4       	brne	.+6      	; 0x1930 <__addsf3+0x24>
    192a:	26 f4       	brtc	.+8      	; 0x1934 <__addsf3+0x28>
    192c:	0c 94 d6 0d 	jmp	0x1bac	; 0x1bac <__fp_nan>
    1930:	0e f4       	brtc	.+2      	; 0x1934 <__addsf3+0x28>
    1932:	e0 95       	com	r30
    1934:	e7 fb       	bst	r30, 7
    1936:	0c 94 d0 0d 	jmp	0x1ba0	; 0x1ba0 <__fp_inf>

0000193a <__addsf3x>:
    193a:	e9 2f       	mov	r30, r25
    193c:	0e 94 f8 0d 	call	0x1bf0	; 0x1bf0 <__fp_split3>
    1940:	58 f3       	brcs	.-42     	; 0x1918 <__addsf3+0xc>
    1942:	ba 17       	cp	r27, r26
    1944:	62 07       	cpc	r22, r18
    1946:	73 07       	cpc	r23, r19
    1948:	84 07       	cpc	r24, r20
    194a:	95 07       	cpc	r25, r21
    194c:	20 f0       	brcs	.+8      	; 0x1956 <__addsf3x+0x1c>
    194e:	79 f4       	brne	.+30     	; 0x196e <__addsf3x+0x34>
    1950:	a6 f5       	brtc	.+104    	; 0x19ba <__addsf3x+0x80>
    1952:	0c 94 1a 0e 	jmp	0x1c34	; 0x1c34 <__fp_zero>
    1956:	0e f4       	brtc	.+2      	; 0x195a <__addsf3x+0x20>
    1958:	e0 95       	com	r30
    195a:	0b 2e       	mov	r0, r27
    195c:	ba 2f       	mov	r27, r26
    195e:	a0 2d       	mov	r26, r0
    1960:	0b 01       	movw	r0, r22
    1962:	b9 01       	movw	r22, r18
    1964:	90 01       	movw	r18, r0
    1966:	0c 01       	movw	r0, r24
    1968:	ca 01       	movw	r24, r20
    196a:	a0 01       	movw	r20, r0
    196c:	11 24       	eor	r1, r1
    196e:	ff 27       	eor	r31, r31
    1970:	59 1b       	sub	r21, r25
    1972:	99 f0       	breq	.+38     	; 0x199a <__addsf3x+0x60>
    1974:	59 3f       	cpi	r21, 0xF9	; 249
    1976:	50 f4       	brcc	.+20     	; 0x198c <__addsf3x+0x52>
    1978:	50 3e       	cpi	r21, 0xE0	; 224
    197a:	68 f1       	brcs	.+90     	; 0x19d6 <__addsf3x+0x9c>
    197c:	1a 16       	cp	r1, r26
    197e:	f0 40       	sbci	r31, 0x00	; 0
    1980:	a2 2f       	mov	r26, r18
    1982:	23 2f       	mov	r18, r19
    1984:	34 2f       	mov	r19, r20
    1986:	44 27       	eor	r20, r20
    1988:	58 5f       	subi	r21, 0xF8	; 248
    198a:	f3 cf       	rjmp	.-26     	; 0x1972 <__addsf3x+0x38>
    198c:	46 95       	lsr	r20
    198e:	37 95       	ror	r19
    1990:	27 95       	ror	r18
    1992:	a7 95       	ror	r26
    1994:	f0 40       	sbci	r31, 0x00	; 0
    1996:	53 95       	inc	r21
    1998:	c9 f7       	brne	.-14     	; 0x198c <__addsf3x+0x52>
    199a:	7e f4       	brtc	.+30     	; 0x19ba <__addsf3x+0x80>
    199c:	1f 16       	cp	r1, r31
    199e:	ba 0b       	sbc	r27, r26
    19a0:	62 0b       	sbc	r22, r18
    19a2:	73 0b       	sbc	r23, r19
    19a4:	84 0b       	sbc	r24, r20
    19a6:	ba f0       	brmi	.+46     	; 0x19d6 <__addsf3x+0x9c>
    19a8:	91 50       	subi	r25, 0x01	; 1
    19aa:	a1 f0       	breq	.+40     	; 0x19d4 <__addsf3x+0x9a>
    19ac:	ff 0f       	add	r31, r31
    19ae:	bb 1f       	adc	r27, r27
    19b0:	66 1f       	adc	r22, r22
    19b2:	77 1f       	adc	r23, r23
    19b4:	88 1f       	adc	r24, r24
    19b6:	c2 f7       	brpl	.-16     	; 0x19a8 <__addsf3x+0x6e>
    19b8:	0e c0       	rjmp	.+28     	; 0x19d6 <__addsf3x+0x9c>
    19ba:	ba 0f       	add	r27, r26
    19bc:	62 1f       	adc	r22, r18
    19be:	73 1f       	adc	r23, r19
    19c0:	84 1f       	adc	r24, r20
    19c2:	48 f4       	brcc	.+18     	; 0x19d6 <__addsf3x+0x9c>
    19c4:	87 95       	ror	r24
    19c6:	77 95       	ror	r23
    19c8:	67 95       	ror	r22
    19ca:	b7 95       	ror	r27
    19cc:	f7 95       	ror	r31
    19ce:	9e 3f       	cpi	r25, 0xFE	; 254
    19d0:	08 f0       	brcs	.+2      	; 0x19d4 <__addsf3x+0x9a>
    19d2:	b0 cf       	rjmp	.-160    	; 0x1934 <__addsf3+0x28>
    19d4:	93 95       	inc	r25
    19d6:	88 0f       	add	r24, r24
    19d8:	08 f0       	brcs	.+2      	; 0x19dc <__addsf3x+0xa2>
    19da:	99 27       	eor	r25, r25
    19dc:	ee 0f       	add	r30, r30
    19de:	97 95       	ror	r25
    19e0:	87 95       	ror	r24
    19e2:	08 95       	ret

000019e4 <__divsf3>:
    19e4:	0e 94 06 0d 	call	0x1a0c	; 0x1a0c <__divsf3x>
    19e8:	0c 94 e7 0d 	jmp	0x1bce	; 0x1bce <__fp_round>
    19ec:	0e 94 e0 0d 	call	0x1bc0	; 0x1bc0 <__fp_pscB>
    19f0:	58 f0       	brcs	.+22     	; 0x1a08 <__divsf3+0x24>
    19f2:	0e 94 d9 0d 	call	0x1bb2	; 0x1bb2 <__fp_pscA>
    19f6:	40 f0       	brcs	.+16     	; 0x1a08 <__divsf3+0x24>
    19f8:	29 f4       	brne	.+10     	; 0x1a04 <__divsf3+0x20>
    19fa:	5f 3f       	cpi	r21, 0xFF	; 255
    19fc:	29 f0       	breq	.+10     	; 0x1a08 <__divsf3+0x24>
    19fe:	0c 94 d0 0d 	jmp	0x1ba0	; 0x1ba0 <__fp_inf>
    1a02:	51 11       	cpse	r21, r1
    1a04:	0c 94 1b 0e 	jmp	0x1c36	; 0x1c36 <__fp_szero>
    1a08:	0c 94 d6 0d 	jmp	0x1bac	; 0x1bac <__fp_nan>

00001a0c <__divsf3x>:
    1a0c:	0e 94 f8 0d 	call	0x1bf0	; 0x1bf0 <__fp_split3>
    1a10:	68 f3       	brcs	.-38     	; 0x19ec <__divsf3+0x8>

00001a12 <__divsf3_pse>:
    1a12:	99 23       	and	r25, r25
    1a14:	b1 f3       	breq	.-20     	; 0x1a02 <__divsf3+0x1e>
    1a16:	55 23       	and	r21, r21
    1a18:	91 f3       	breq	.-28     	; 0x19fe <__divsf3+0x1a>
    1a1a:	95 1b       	sub	r25, r21
    1a1c:	55 0b       	sbc	r21, r21
    1a1e:	bb 27       	eor	r27, r27
    1a20:	aa 27       	eor	r26, r26
    1a22:	62 17       	cp	r22, r18
    1a24:	73 07       	cpc	r23, r19
    1a26:	84 07       	cpc	r24, r20
    1a28:	38 f0       	brcs	.+14     	; 0x1a38 <__divsf3_pse+0x26>
    1a2a:	9f 5f       	subi	r25, 0xFF	; 255
    1a2c:	5f 4f       	sbci	r21, 0xFF	; 255
    1a2e:	22 0f       	add	r18, r18
    1a30:	33 1f       	adc	r19, r19
    1a32:	44 1f       	adc	r20, r20
    1a34:	aa 1f       	adc	r26, r26
    1a36:	a9 f3       	breq	.-22     	; 0x1a22 <__divsf3_pse+0x10>
    1a38:	35 d0       	rcall	.+106    	; 0x1aa4 <__divsf3_pse+0x92>
    1a3a:	0e 2e       	mov	r0, r30
    1a3c:	3a f0       	brmi	.+14     	; 0x1a4c <__divsf3_pse+0x3a>
    1a3e:	e0 e8       	ldi	r30, 0x80	; 128
    1a40:	32 d0       	rcall	.+100    	; 0x1aa6 <__divsf3_pse+0x94>
    1a42:	91 50       	subi	r25, 0x01	; 1
    1a44:	50 40       	sbci	r21, 0x00	; 0
    1a46:	e6 95       	lsr	r30
    1a48:	00 1c       	adc	r0, r0
    1a4a:	ca f7       	brpl	.-14     	; 0x1a3e <__divsf3_pse+0x2c>
    1a4c:	2b d0       	rcall	.+86     	; 0x1aa4 <__divsf3_pse+0x92>
    1a4e:	fe 2f       	mov	r31, r30
    1a50:	29 d0       	rcall	.+82     	; 0x1aa4 <__divsf3_pse+0x92>
    1a52:	66 0f       	add	r22, r22
    1a54:	77 1f       	adc	r23, r23
    1a56:	88 1f       	adc	r24, r24
    1a58:	bb 1f       	adc	r27, r27
    1a5a:	26 17       	cp	r18, r22
    1a5c:	37 07       	cpc	r19, r23
    1a5e:	48 07       	cpc	r20, r24
    1a60:	ab 07       	cpc	r26, r27
    1a62:	b0 e8       	ldi	r27, 0x80	; 128
    1a64:	09 f0       	breq	.+2      	; 0x1a68 <__divsf3_pse+0x56>
    1a66:	bb 0b       	sbc	r27, r27
    1a68:	80 2d       	mov	r24, r0
    1a6a:	bf 01       	movw	r22, r30
    1a6c:	ff 27       	eor	r31, r31
    1a6e:	93 58       	subi	r25, 0x83	; 131
    1a70:	5f 4f       	sbci	r21, 0xFF	; 255
    1a72:	3a f0       	brmi	.+14     	; 0x1a82 <__divsf3_pse+0x70>
    1a74:	9e 3f       	cpi	r25, 0xFE	; 254
    1a76:	51 05       	cpc	r21, r1
    1a78:	78 f0       	brcs	.+30     	; 0x1a98 <__divsf3_pse+0x86>
    1a7a:	0c 94 d0 0d 	jmp	0x1ba0	; 0x1ba0 <__fp_inf>
    1a7e:	0c 94 1b 0e 	jmp	0x1c36	; 0x1c36 <__fp_szero>
    1a82:	5f 3f       	cpi	r21, 0xFF	; 255
    1a84:	e4 f3       	brlt	.-8      	; 0x1a7e <__divsf3_pse+0x6c>
    1a86:	98 3e       	cpi	r25, 0xE8	; 232
    1a88:	d4 f3       	brlt	.-12     	; 0x1a7e <__divsf3_pse+0x6c>
    1a8a:	86 95       	lsr	r24
    1a8c:	77 95       	ror	r23
    1a8e:	67 95       	ror	r22
    1a90:	b7 95       	ror	r27
    1a92:	f7 95       	ror	r31
    1a94:	9f 5f       	subi	r25, 0xFF	; 255
    1a96:	c9 f7       	brne	.-14     	; 0x1a8a <__divsf3_pse+0x78>
    1a98:	88 0f       	add	r24, r24
    1a9a:	91 1d       	adc	r25, r1
    1a9c:	96 95       	lsr	r25
    1a9e:	87 95       	ror	r24
    1aa0:	97 f9       	bld	r25, 7
    1aa2:	08 95       	ret
    1aa4:	e1 e0       	ldi	r30, 0x01	; 1
    1aa6:	66 0f       	add	r22, r22
    1aa8:	77 1f       	adc	r23, r23
    1aaa:	88 1f       	adc	r24, r24
    1aac:	bb 1f       	adc	r27, r27
    1aae:	62 17       	cp	r22, r18
    1ab0:	73 07       	cpc	r23, r19
    1ab2:	84 07       	cpc	r24, r20
    1ab4:	ba 07       	cpc	r27, r26
    1ab6:	20 f0       	brcs	.+8      	; 0x1ac0 <__divsf3_pse+0xae>
    1ab8:	62 1b       	sub	r22, r18
    1aba:	73 0b       	sbc	r23, r19
    1abc:	84 0b       	sbc	r24, r20
    1abe:	ba 0b       	sbc	r27, r26
    1ac0:	ee 1f       	adc	r30, r30
    1ac2:	88 f7       	brcc	.-30     	; 0x1aa6 <__divsf3_pse+0x94>
    1ac4:	e0 95       	com	r30
    1ac6:	08 95       	ret

00001ac8 <__fixunssfsi>:
    1ac8:	0e 94 00 0e 	call	0x1c00	; 0x1c00 <__fp_splitA>
    1acc:	88 f0       	brcs	.+34     	; 0x1af0 <__fixunssfsi+0x28>
    1ace:	9f 57       	subi	r25, 0x7F	; 127
    1ad0:	98 f0       	brcs	.+38     	; 0x1af8 <__fixunssfsi+0x30>
    1ad2:	b9 2f       	mov	r27, r25
    1ad4:	99 27       	eor	r25, r25
    1ad6:	b7 51       	subi	r27, 0x17	; 23
    1ad8:	b0 f0       	brcs	.+44     	; 0x1b06 <__fixunssfsi+0x3e>
    1ada:	e1 f0       	breq	.+56     	; 0x1b14 <__fixunssfsi+0x4c>
    1adc:	66 0f       	add	r22, r22
    1ade:	77 1f       	adc	r23, r23
    1ae0:	88 1f       	adc	r24, r24
    1ae2:	99 1f       	adc	r25, r25
    1ae4:	1a f0       	brmi	.+6      	; 0x1aec <__fixunssfsi+0x24>
    1ae6:	ba 95       	dec	r27
    1ae8:	c9 f7       	brne	.-14     	; 0x1adc <__fixunssfsi+0x14>
    1aea:	14 c0       	rjmp	.+40     	; 0x1b14 <__fixunssfsi+0x4c>
    1aec:	b1 30       	cpi	r27, 0x01	; 1
    1aee:	91 f0       	breq	.+36     	; 0x1b14 <__fixunssfsi+0x4c>
    1af0:	0e 94 1a 0e 	call	0x1c34	; 0x1c34 <__fp_zero>
    1af4:	b1 e0       	ldi	r27, 0x01	; 1
    1af6:	08 95       	ret
    1af8:	0c 94 1a 0e 	jmp	0x1c34	; 0x1c34 <__fp_zero>
    1afc:	67 2f       	mov	r22, r23
    1afe:	78 2f       	mov	r23, r24
    1b00:	88 27       	eor	r24, r24
    1b02:	b8 5f       	subi	r27, 0xF8	; 248
    1b04:	39 f0       	breq	.+14     	; 0x1b14 <__fixunssfsi+0x4c>
    1b06:	b9 3f       	cpi	r27, 0xF9	; 249
    1b08:	cc f3       	brlt	.-14     	; 0x1afc <__fixunssfsi+0x34>
    1b0a:	86 95       	lsr	r24
    1b0c:	77 95       	ror	r23
    1b0e:	67 95       	ror	r22
    1b10:	b3 95       	inc	r27
    1b12:	d9 f7       	brne	.-10     	; 0x1b0a <__fixunssfsi+0x42>
    1b14:	3e f4       	brtc	.+14     	; 0x1b24 <__fixunssfsi+0x5c>
    1b16:	90 95       	com	r25
    1b18:	80 95       	com	r24
    1b1a:	70 95       	com	r23
    1b1c:	61 95       	neg	r22
    1b1e:	7f 4f       	sbci	r23, 0xFF	; 255
    1b20:	8f 4f       	sbci	r24, 0xFF	; 255
    1b22:	9f 4f       	sbci	r25, 0xFF	; 255
    1b24:	08 95       	ret

00001b26 <__floatunsisf>:
    1b26:	e8 94       	clt
    1b28:	09 c0       	rjmp	.+18     	; 0x1b3c <__floatsisf+0x12>

00001b2a <__floatsisf>:
    1b2a:	97 fb       	bst	r25, 7
    1b2c:	3e f4       	brtc	.+14     	; 0x1b3c <__floatsisf+0x12>
    1b2e:	90 95       	com	r25
    1b30:	80 95       	com	r24
    1b32:	70 95       	com	r23
    1b34:	61 95       	neg	r22
    1b36:	7f 4f       	sbci	r23, 0xFF	; 255
    1b38:	8f 4f       	sbci	r24, 0xFF	; 255
    1b3a:	9f 4f       	sbci	r25, 0xFF	; 255
    1b3c:	99 23       	and	r25, r25
    1b3e:	a9 f0       	breq	.+42     	; 0x1b6a <__floatsisf+0x40>
    1b40:	f9 2f       	mov	r31, r25
    1b42:	96 e9       	ldi	r25, 0x96	; 150
    1b44:	bb 27       	eor	r27, r27
    1b46:	93 95       	inc	r25
    1b48:	f6 95       	lsr	r31
    1b4a:	87 95       	ror	r24
    1b4c:	77 95       	ror	r23
    1b4e:	67 95       	ror	r22
    1b50:	b7 95       	ror	r27
    1b52:	f1 11       	cpse	r31, r1
    1b54:	f8 cf       	rjmp	.-16     	; 0x1b46 <__floatsisf+0x1c>
    1b56:	fa f4       	brpl	.+62     	; 0x1b96 <__floatsisf+0x6c>
    1b58:	bb 0f       	add	r27, r27
    1b5a:	11 f4       	brne	.+4      	; 0x1b60 <__floatsisf+0x36>
    1b5c:	60 ff       	sbrs	r22, 0
    1b5e:	1b c0       	rjmp	.+54     	; 0x1b96 <__floatsisf+0x6c>
    1b60:	6f 5f       	subi	r22, 0xFF	; 255
    1b62:	7f 4f       	sbci	r23, 0xFF	; 255
    1b64:	8f 4f       	sbci	r24, 0xFF	; 255
    1b66:	9f 4f       	sbci	r25, 0xFF	; 255
    1b68:	16 c0       	rjmp	.+44     	; 0x1b96 <__floatsisf+0x6c>
    1b6a:	88 23       	and	r24, r24
    1b6c:	11 f0       	breq	.+4      	; 0x1b72 <__floatsisf+0x48>
    1b6e:	96 e9       	ldi	r25, 0x96	; 150
    1b70:	11 c0       	rjmp	.+34     	; 0x1b94 <__floatsisf+0x6a>
    1b72:	77 23       	and	r23, r23
    1b74:	21 f0       	breq	.+8      	; 0x1b7e <__floatsisf+0x54>
    1b76:	9e e8       	ldi	r25, 0x8E	; 142
    1b78:	87 2f       	mov	r24, r23
    1b7a:	76 2f       	mov	r23, r22
    1b7c:	05 c0       	rjmp	.+10     	; 0x1b88 <__floatsisf+0x5e>
    1b7e:	66 23       	and	r22, r22
    1b80:	71 f0       	breq	.+28     	; 0x1b9e <__floatsisf+0x74>
    1b82:	96 e8       	ldi	r25, 0x86	; 134
    1b84:	86 2f       	mov	r24, r22
    1b86:	70 e0       	ldi	r23, 0x00	; 0
    1b88:	60 e0       	ldi	r22, 0x00	; 0
    1b8a:	2a f0       	brmi	.+10     	; 0x1b96 <__floatsisf+0x6c>
    1b8c:	9a 95       	dec	r25
    1b8e:	66 0f       	add	r22, r22
    1b90:	77 1f       	adc	r23, r23
    1b92:	88 1f       	adc	r24, r24
    1b94:	da f7       	brpl	.-10     	; 0x1b8c <__floatsisf+0x62>
    1b96:	88 0f       	add	r24, r24
    1b98:	96 95       	lsr	r25
    1b9a:	87 95       	ror	r24
    1b9c:	97 f9       	bld	r25, 7
    1b9e:	08 95       	ret

00001ba0 <__fp_inf>:
    1ba0:	97 f9       	bld	r25, 7
    1ba2:	9f 67       	ori	r25, 0x7F	; 127
    1ba4:	80 e8       	ldi	r24, 0x80	; 128
    1ba6:	70 e0       	ldi	r23, 0x00	; 0
    1ba8:	60 e0       	ldi	r22, 0x00	; 0
    1baa:	08 95       	ret

00001bac <__fp_nan>:
    1bac:	9f ef       	ldi	r25, 0xFF	; 255
    1bae:	80 ec       	ldi	r24, 0xC0	; 192
    1bb0:	08 95       	ret

00001bb2 <__fp_pscA>:
    1bb2:	00 24       	eor	r0, r0
    1bb4:	0a 94       	dec	r0
    1bb6:	16 16       	cp	r1, r22
    1bb8:	17 06       	cpc	r1, r23
    1bba:	18 06       	cpc	r1, r24
    1bbc:	09 06       	cpc	r0, r25
    1bbe:	08 95       	ret

00001bc0 <__fp_pscB>:
    1bc0:	00 24       	eor	r0, r0
    1bc2:	0a 94       	dec	r0
    1bc4:	12 16       	cp	r1, r18
    1bc6:	13 06       	cpc	r1, r19
    1bc8:	14 06       	cpc	r1, r20
    1bca:	05 06       	cpc	r0, r21
    1bcc:	08 95       	ret

00001bce <__fp_round>:
    1bce:	09 2e       	mov	r0, r25
    1bd0:	03 94       	inc	r0
    1bd2:	00 0c       	add	r0, r0
    1bd4:	11 f4       	brne	.+4      	; 0x1bda <__fp_round+0xc>
    1bd6:	88 23       	and	r24, r24
    1bd8:	52 f0       	brmi	.+20     	; 0x1bee <__fp_round+0x20>
    1bda:	bb 0f       	add	r27, r27
    1bdc:	40 f4       	brcc	.+16     	; 0x1bee <__fp_round+0x20>
    1bde:	bf 2b       	or	r27, r31
    1be0:	11 f4       	brne	.+4      	; 0x1be6 <__fp_round+0x18>
    1be2:	60 ff       	sbrs	r22, 0
    1be4:	04 c0       	rjmp	.+8      	; 0x1bee <__fp_round+0x20>
    1be6:	6f 5f       	subi	r22, 0xFF	; 255
    1be8:	7f 4f       	sbci	r23, 0xFF	; 255
    1bea:	8f 4f       	sbci	r24, 0xFF	; 255
    1bec:	9f 4f       	sbci	r25, 0xFF	; 255
    1bee:	08 95       	ret

00001bf0 <__fp_split3>:
    1bf0:	57 fd       	sbrc	r21, 7
    1bf2:	90 58       	subi	r25, 0x80	; 128
    1bf4:	44 0f       	add	r20, r20
    1bf6:	55 1f       	adc	r21, r21
    1bf8:	59 f0       	breq	.+22     	; 0x1c10 <__fp_splitA+0x10>
    1bfa:	5f 3f       	cpi	r21, 0xFF	; 255
    1bfc:	71 f0       	breq	.+28     	; 0x1c1a <__fp_splitA+0x1a>
    1bfe:	47 95       	ror	r20

00001c00 <__fp_splitA>:
    1c00:	88 0f       	add	r24, r24
    1c02:	97 fb       	bst	r25, 7
    1c04:	99 1f       	adc	r25, r25
    1c06:	61 f0       	breq	.+24     	; 0x1c20 <__fp_splitA+0x20>
    1c08:	9f 3f       	cpi	r25, 0xFF	; 255
    1c0a:	79 f0       	breq	.+30     	; 0x1c2a <__fp_splitA+0x2a>
    1c0c:	87 95       	ror	r24
    1c0e:	08 95       	ret
    1c10:	12 16       	cp	r1, r18
    1c12:	13 06       	cpc	r1, r19
    1c14:	14 06       	cpc	r1, r20
    1c16:	55 1f       	adc	r21, r21
    1c18:	f2 cf       	rjmp	.-28     	; 0x1bfe <__fp_split3+0xe>
    1c1a:	46 95       	lsr	r20
    1c1c:	f1 df       	rcall	.-30     	; 0x1c00 <__fp_splitA>
    1c1e:	08 c0       	rjmp	.+16     	; 0x1c30 <__fp_splitA+0x30>
    1c20:	16 16       	cp	r1, r22
    1c22:	17 06       	cpc	r1, r23
    1c24:	18 06       	cpc	r1, r24
    1c26:	99 1f       	adc	r25, r25
    1c28:	f1 cf       	rjmp	.-30     	; 0x1c0c <__fp_splitA+0xc>
    1c2a:	86 95       	lsr	r24
    1c2c:	71 05       	cpc	r23, r1
    1c2e:	61 05       	cpc	r22, r1
    1c30:	08 94       	sec
    1c32:	08 95       	ret

00001c34 <__fp_zero>:
    1c34:	e8 94       	clt

00001c36 <__fp_szero>:
    1c36:	bb 27       	eor	r27, r27
    1c38:	66 27       	eor	r22, r22
    1c3a:	77 27       	eor	r23, r23
    1c3c:	cb 01       	movw	r24, r22
    1c3e:	97 f9       	bld	r25, 7
    1c40:	08 95       	ret

00001c42 <__mulsf3>:
    1c42:	0e 94 34 0e 	call	0x1c68	; 0x1c68 <__mulsf3x>
    1c46:	0c 94 e7 0d 	jmp	0x1bce	; 0x1bce <__fp_round>
    1c4a:	0e 94 d9 0d 	call	0x1bb2	; 0x1bb2 <__fp_pscA>
    1c4e:	38 f0       	brcs	.+14     	; 0x1c5e <__mulsf3+0x1c>
    1c50:	0e 94 e0 0d 	call	0x1bc0	; 0x1bc0 <__fp_pscB>
    1c54:	20 f0       	brcs	.+8      	; 0x1c5e <__mulsf3+0x1c>
    1c56:	95 23       	and	r25, r21
    1c58:	11 f0       	breq	.+4      	; 0x1c5e <__mulsf3+0x1c>
    1c5a:	0c 94 d0 0d 	jmp	0x1ba0	; 0x1ba0 <__fp_inf>
    1c5e:	0c 94 d6 0d 	jmp	0x1bac	; 0x1bac <__fp_nan>
    1c62:	11 24       	eor	r1, r1
    1c64:	0c 94 1b 0e 	jmp	0x1c36	; 0x1c36 <__fp_szero>

00001c68 <__mulsf3x>:
    1c68:	0e 94 f8 0d 	call	0x1bf0	; 0x1bf0 <__fp_split3>
    1c6c:	70 f3       	brcs	.-36     	; 0x1c4a <__mulsf3+0x8>

00001c6e <__mulsf3_pse>:
    1c6e:	95 9f       	mul	r25, r21
    1c70:	c1 f3       	breq	.-16     	; 0x1c62 <__mulsf3+0x20>
    1c72:	95 0f       	add	r25, r21
    1c74:	50 e0       	ldi	r21, 0x00	; 0
    1c76:	55 1f       	adc	r21, r21
    1c78:	62 9f       	mul	r22, r18
    1c7a:	f0 01       	movw	r30, r0
    1c7c:	72 9f       	mul	r23, r18
    1c7e:	bb 27       	eor	r27, r27
    1c80:	f0 0d       	add	r31, r0
    1c82:	b1 1d       	adc	r27, r1
    1c84:	63 9f       	mul	r22, r19
    1c86:	aa 27       	eor	r26, r26
    1c88:	f0 0d       	add	r31, r0
    1c8a:	b1 1d       	adc	r27, r1
    1c8c:	aa 1f       	adc	r26, r26
    1c8e:	64 9f       	mul	r22, r20
    1c90:	66 27       	eor	r22, r22
    1c92:	b0 0d       	add	r27, r0
    1c94:	a1 1d       	adc	r26, r1
    1c96:	66 1f       	adc	r22, r22
    1c98:	82 9f       	mul	r24, r18
    1c9a:	22 27       	eor	r18, r18
    1c9c:	b0 0d       	add	r27, r0
    1c9e:	a1 1d       	adc	r26, r1
    1ca0:	62 1f       	adc	r22, r18
    1ca2:	73 9f       	mul	r23, r19
    1ca4:	b0 0d       	add	r27, r0
    1ca6:	a1 1d       	adc	r26, r1
    1ca8:	62 1f       	adc	r22, r18
    1caa:	83 9f       	mul	r24, r19
    1cac:	a0 0d       	add	r26, r0
    1cae:	61 1d       	adc	r22, r1
    1cb0:	22 1f       	adc	r18, r18
    1cb2:	74 9f       	mul	r23, r20
    1cb4:	33 27       	eor	r19, r19
    1cb6:	a0 0d       	add	r26, r0
    1cb8:	61 1d       	adc	r22, r1
    1cba:	23 1f       	adc	r18, r19
    1cbc:	84 9f       	mul	r24, r20
    1cbe:	60 0d       	add	r22, r0
    1cc0:	21 1d       	adc	r18, r1
    1cc2:	82 2f       	mov	r24, r18
    1cc4:	76 2f       	mov	r23, r22
    1cc6:	6a 2f       	mov	r22, r26
    1cc8:	11 24       	eor	r1, r1
    1cca:	9f 57       	subi	r25, 0x7F	; 127
    1ccc:	50 40       	sbci	r21, 0x00	; 0
    1cce:	9a f0       	brmi	.+38     	; 0x1cf6 <__mulsf3_pse+0x88>
    1cd0:	f1 f0       	breq	.+60     	; 0x1d0e <__mulsf3_pse+0xa0>
    1cd2:	88 23       	and	r24, r24
    1cd4:	4a f0       	brmi	.+18     	; 0x1ce8 <__mulsf3_pse+0x7a>
    1cd6:	ee 0f       	add	r30, r30
    1cd8:	ff 1f       	adc	r31, r31
    1cda:	bb 1f       	adc	r27, r27
    1cdc:	66 1f       	adc	r22, r22
    1cde:	77 1f       	adc	r23, r23
    1ce0:	88 1f       	adc	r24, r24
    1ce2:	91 50       	subi	r25, 0x01	; 1
    1ce4:	50 40       	sbci	r21, 0x00	; 0
    1ce6:	a9 f7       	brne	.-22     	; 0x1cd2 <__mulsf3_pse+0x64>
    1ce8:	9e 3f       	cpi	r25, 0xFE	; 254
    1cea:	51 05       	cpc	r21, r1
    1cec:	80 f0       	brcs	.+32     	; 0x1d0e <__mulsf3_pse+0xa0>
    1cee:	0c 94 d0 0d 	jmp	0x1ba0	; 0x1ba0 <__fp_inf>
    1cf2:	0c 94 1b 0e 	jmp	0x1c36	; 0x1c36 <__fp_szero>
    1cf6:	5f 3f       	cpi	r21, 0xFF	; 255
    1cf8:	e4 f3       	brlt	.-8      	; 0x1cf2 <__mulsf3_pse+0x84>
    1cfa:	98 3e       	cpi	r25, 0xE8	; 232
    1cfc:	d4 f3       	brlt	.-12     	; 0x1cf2 <__mulsf3_pse+0x84>
    1cfe:	86 95       	lsr	r24
    1d00:	77 95       	ror	r23
    1d02:	67 95       	ror	r22
    1d04:	b7 95       	ror	r27
    1d06:	f7 95       	ror	r31
    1d08:	e7 95       	ror	r30
    1d0a:	9f 5f       	subi	r25, 0xFF	; 255
    1d0c:	c1 f7       	brne	.-16     	; 0x1cfe <__mulsf3_pse+0x90>
    1d0e:	fe 2b       	or	r31, r30
    1d10:	88 0f       	add	r24, r24
    1d12:	91 1d       	adc	r25, r1
    1d14:	96 95       	lsr	r25
    1d16:	87 95       	ror	r24
    1d18:	97 f9       	bld	r25, 7
    1d1a:	08 95       	ret

00001d1c <__ashldi3>:
    1d1c:	0f 93       	push	r16
    1d1e:	08 30       	cpi	r16, 0x08	; 8
    1d20:	90 f0       	brcs	.+36     	; 0x1d46 <__ashldi3+0x2a>
    1d22:	98 2f       	mov	r25, r24
    1d24:	87 2f       	mov	r24, r23
    1d26:	76 2f       	mov	r23, r22
    1d28:	65 2f       	mov	r22, r21
    1d2a:	54 2f       	mov	r21, r20
    1d2c:	43 2f       	mov	r20, r19
    1d2e:	32 2f       	mov	r19, r18
    1d30:	22 27       	eor	r18, r18
    1d32:	08 50       	subi	r16, 0x08	; 8
    1d34:	f4 cf       	rjmp	.-24     	; 0x1d1e <__ashldi3+0x2>
    1d36:	22 0f       	add	r18, r18
    1d38:	33 1f       	adc	r19, r19
    1d3a:	44 1f       	adc	r20, r20
    1d3c:	55 1f       	adc	r21, r21
    1d3e:	66 1f       	adc	r22, r22
    1d40:	77 1f       	adc	r23, r23
    1d42:	88 1f       	adc	r24, r24
    1d44:	99 1f       	adc	r25, r25
    1d46:	0a 95       	dec	r16
    1d48:	b2 f7       	brpl	.-20     	; 0x1d36 <__ashldi3+0x1a>
    1d4a:	0f 91       	pop	r16
    1d4c:	08 95       	ret

00001d4e <__ashrdi3>:
    1d4e:	97 fb       	bst	r25, 7
    1d50:	10 f8       	bld	r1, 0

00001d52 <__lshrdi3>:
    1d52:	16 94       	lsr	r1
    1d54:	00 08       	sbc	r0, r0
    1d56:	0f 93       	push	r16
    1d58:	08 30       	cpi	r16, 0x08	; 8
    1d5a:	98 f0       	brcs	.+38     	; 0x1d82 <__lshrdi3+0x30>
    1d5c:	08 50       	subi	r16, 0x08	; 8
    1d5e:	23 2f       	mov	r18, r19
    1d60:	34 2f       	mov	r19, r20
    1d62:	45 2f       	mov	r20, r21
    1d64:	56 2f       	mov	r21, r22
    1d66:	67 2f       	mov	r22, r23
    1d68:	78 2f       	mov	r23, r24
    1d6a:	89 2f       	mov	r24, r25
    1d6c:	90 2d       	mov	r25, r0
    1d6e:	f4 cf       	rjmp	.-24     	; 0x1d58 <__lshrdi3+0x6>
    1d70:	05 94       	asr	r0
    1d72:	97 95       	ror	r25
    1d74:	87 95       	ror	r24
    1d76:	77 95       	ror	r23
    1d78:	67 95       	ror	r22
    1d7a:	57 95       	ror	r21
    1d7c:	47 95       	ror	r20
    1d7e:	37 95       	ror	r19
    1d80:	27 95       	ror	r18
    1d82:	0a 95       	dec	r16
    1d84:	aa f7       	brpl	.-22     	; 0x1d70 <__lshrdi3+0x1e>
    1d86:	0f 91       	pop	r16
    1d88:	08 95       	ret

00001d8a <__cmpdi2_s8>:
    1d8a:	00 24       	eor	r0, r0
    1d8c:	a7 fd       	sbrc	r26, 7
    1d8e:	00 94       	com	r0
    1d90:	2a 17       	cp	r18, r26
    1d92:	30 05       	cpc	r19, r0
    1d94:	40 05       	cpc	r20, r0
    1d96:	50 05       	cpc	r21, r0
    1d98:	60 05       	cpc	r22, r0
    1d9a:	70 05       	cpc	r23, r0
    1d9c:	80 05       	cpc	r24, r0
    1d9e:	90 05       	cpc	r25, r0
    1da0:	08 95       	ret

00001da2 <__tablejump2__>:
    1da2:	ee 0f       	add	r30, r30
    1da4:	ff 1f       	adc	r31, r31
    1da6:	05 90       	lpm	r0, Z+
    1da8:	f4 91       	lpm	r31, Z
    1daa:	e0 2d       	mov	r30, r0
    1dac:	09 94       	ijmp

00001dae <malloc>:
    1dae:	0f 93       	push	r16
    1db0:	1f 93       	push	r17
    1db2:	cf 93       	push	r28
    1db4:	df 93       	push	r29
    1db6:	82 30       	cpi	r24, 0x02	; 2
    1db8:	91 05       	cpc	r25, r1
    1dba:	10 f4       	brcc	.+4      	; 0x1dc0 <malloc+0x12>
    1dbc:	82 e0       	ldi	r24, 0x02	; 2
    1dbe:	90 e0       	ldi	r25, 0x00	; 0
    1dc0:	e0 91 d6 02 	lds	r30, 0x02D6	; 0x8002d6 <__flp>
    1dc4:	f0 91 d7 02 	lds	r31, 0x02D7	; 0x8002d7 <__flp+0x1>
    1dc8:	20 e0       	ldi	r18, 0x00	; 0
    1dca:	30 e0       	ldi	r19, 0x00	; 0
    1dcc:	a0 e0       	ldi	r26, 0x00	; 0
    1dce:	b0 e0       	ldi	r27, 0x00	; 0
    1dd0:	30 97       	sbiw	r30, 0x00	; 0
    1dd2:	19 f1       	breq	.+70     	; 0x1e1a <malloc+0x6c>
    1dd4:	40 81       	ld	r20, Z
    1dd6:	51 81       	ldd	r21, Z+1	; 0x01
    1dd8:	02 81       	ldd	r16, Z+2	; 0x02
    1dda:	13 81       	ldd	r17, Z+3	; 0x03
    1ddc:	48 17       	cp	r20, r24
    1dde:	59 07       	cpc	r21, r25
    1de0:	c8 f0       	brcs	.+50     	; 0x1e14 <malloc+0x66>
    1de2:	84 17       	cp	r24, r20
    1de4:	95 07       	cpc	r25, r21
    1de6:	69 f4       	brne	.+26     	; 0x1e02 <malloc+0x54>
    1de8:	10 97       	sbiw	r26, 0x00	; 0
    1dea:	31 f0       	breq	.+12     	; 0x1df8 <malloc+0x4a>
    1dec:	12 96       	adiw	r26, 0x02	; 2
    1dee:	0c 93       	st	X, r16
    1df0:	12 97       	sbiw	r26, 0x02	; 2
    1df2:	13 96       	adiw	r26, 0x03	; 3
    1df4:	1c 93       	st	X, r17
    1df6:	27 c0       	rjmp	.+78     	; 0x1e46 <malloc+0x98>
    1df8:	00 93 d6 02 	sts	0x02D6, r16	; 0x8002d6 <__flp>
    1dfc:	10 93 d7 02 	sts	0x02D7, r17	; 0x8002d7 <__flp+0x1>
    1e00:	22 c0       	rjmp	.+68     	; 0x1e46 <malloc+0x98>
    1e02:	21 15       	cp	r18, r1
    1e04:	31 05       	cpc	r19, r1
    1e06:	19 f0       	breq	.+6      	; 0x1e0e <malloc+0x60>
    1e08:	42 17       	cp	r20, r18
    1e0a:	53 07       	cpc	r21, r19
    1e0c:	18 f4       	brcc	.+6      	; 0x1e14 <malloc+0x66>
    1e0e:	9a 01       	movw	r18, r20
    1e10:	bd 01       	movw	r22, r26
    1e12:	ef 01       	movw	r28, r30
    1e14:	df 01       	movw	r26, r30
    1e16:	f8 01       	movw	r30, r16
    1e18:	db cf       	rjmp	.-74     	; 0x1dd0 <malloc+0x22>
    1e1a:	21 15       	cp	r18, r1
    1e1c:	31 05       	cpc	r19, r1
    1e1e:	f9 f0       	breq	.+62     	; 0x1e5e <malloc+0xb0>
    1e20:	28 1b       	sub	r18, r24
    1e22:	39 0b       	sbc	r19, r25
    1e24:	24 30       	cpi	r18, 0x04	; 4
    1e26:	31 05       	cpc	r19, r1
    1e28:	80 f4       	brcc	.+32     	; 0x1e4a <malloc+0x9c>
    1e2a:	8a 81       	ldd	r24, Y+2	; 0x02
    1e2c:	9b 81       	ldd	r25, Y+3	; 0x03
    1e2e:	61 15       	cp	r22, r1
    1e30:	71 05       	cpc	r23, r1
    1e32:	21 f0       	breq	.+8      	; 0x1e3c <malloc+0x8e>
    1e34:	fb 01       	movw	r30, r22
    1e36:	93 83       	std	Z+3, r25	; 0x03
    1e38:	82 83       	std	Z+2, r24	; 0x02
    1e3a:	04 c0       	rjmp	.+8      	; 0x1e44 <malloc+0x96>
    1e3c:	90 93 d7 02 	sts	0x02D7, r25	; 0x8002d7 <__flp+0x1>
    1e40:	80 93 d6 02 	sts	0x02D6, r24	; 0x8002d6 <__flp>
    1e44:	fe 01       	movw	r30, r28
    1e46:	32 96       	adiw	r30, 0x02	; 2
    1e48:	44 c0       	rjmp	.+136    	; 0x1ed2 <malloc+0x124>
    1e4a:	fe 01       	movw	r30, r28
    1e4c:	e2 0f       	add	r30, r18
    1e4e:	f3 1f       	adc	r31, r19
    1e50:	81 93       	st	Z+, r24
    1e52:	91 93       	st	Z+, r25
    1e54:	22 50       	subi	r18, 0x02	; 2
    1e56:	31 09       	sbc	r19, r1
    1e58:	39 83       	std	Y+1, r19	; 0x01
    1e5a:	28 83       	st	Y, r18
    1e5c:	3a c0       	rjmp	.+116    	; 0x1ed2 <malloc+0x124>
    1e5e:	20 91 d4 02 	lds	r18, 0x02D4	; 0x8002d4 <__brkval>
    1e62:	30 91 d5 02 	lds	r19, 0x02D5	; 0x8002d5 <__brkval+0x1>
    1e66:	23 2b       	or	r18, r19
    1e68:	41 f4       	brne	.+16     	; 0x1e7a <malloc+0xcc>
    1e6a:	20 91 02 01 	lds	r18, 0x0102	; 0x800102 <__malloc_heap_start>
    1e6e:	30 91 03 01 	lds	r19, 0x0103	; 0x800103 <__malloc_heap_start+0x1>
    1e72:	30 93 d5 02 	sts	0x02D5, r19	; 0x8002d5 <__brkval+0x1>
    1e76:	20 93 d4 02 	sts	0x02D4, r18	; 0x8002d4 <__brkval>
    1e7a:	20 91 00 01 	lds	r18, 0x0100	; 0x800100 <__DATA_REGION_ORIGIN__>
    1e7e:	30 91 01 01 	lds	r19, 0x0101	; 0x800101 <__DATA_REGION_ORIGIN__+0x1>
    1e82:	21 15       	cp	r18, r1
    1e84:	31 05       	cpc	r19, r1
    1e86:	41 f4       	brne	.+16     	; 0x1e98 <malloc+0xea>
    1e88:	2d b7       	in	r18, 0x3d	; 61
    1e8a:	3e b7       	in	r19, 0x3e	; 62
    1e8c:	40 91 04 01 	lds	r20, 0x0104	; 0x800104 <__malloc_margin>
    1e90:	50 91 05 01 	lds	r21, 0x0105	; 0x800105 <__malloc_margin+0x1>
    1e94:	24 1b       	sub	r18, r20
    1e96:	35 0b       	sbc	r19, r21
    1e98:	e0 91 d4 02 	lds	r30, 0x02D4	; 0x8002d4 <__brkval>
    1e9c:	f0 91 d5 02 	lds	r31, 0x02D5	; 0x8002d5 <__brkval+0x1>
    1ea0:	e2 17       	cp	r30, r18
    1ea2:	f3 07       	cpc	r31, r19
    1ea4:	a0 f4       	brcc	.+40     	; 0x1ece <malloc+0x120>
    1ea6:	2e 1b       	sub	r18, r30
    1ea8:	3f 0b       	sbc	r19, r31
    1eaa:	28 17       	cp	r18, r24
    1eac:	39 07       	cpc	r19, r25
    1eae:	78 f0       	brcs	.+30     	; 0x1ece <malloc+0x120>
    1eb0:	ac 01       	movw	r20, r24
    1eb2:	4e 5f       	subi	r20, 0xFE	; 254
    1eb4:	5f 4f       	sbci	r21, 0xFF	; 255
    1eb6:	24 17       	cp	r18, r20
    1eb8:	35 07       	cpc	r19, r21
    1eba:	48 f0       	brcs	.+18     	; 0x1ece <malloc+0x120>
    1ebc:	4e 0f       	add	r20, r30
    1ebe:	5f 1f       	adc	r21, r31
    1ec0:	50 93 d5 02 	sts	0x02D5, r21	; 0x8002d5 <__brkval+0x1>
    1ec4:	40 93 d4 02 	sts	0x02D4, r20	; 0x8002d4 <__brkval>
    1ec8:	81 93       	st	Z+, r24
    1eca:	91 93       	st	Z+, r25
    1ecc:	02 c0       	rjmp	.+4      	; 0x1ed2 <malloc+0x124>
    1ece:	e0 e0       	ldi	r30, 0x00	; 0
    1ed0:	f0 e0       	ldi	r31, 0x00	; 0
    1ed2:	cf 01       	movw	r24, r30
    1ed4:	df 91       	pop	r29
    1ed6:	cf 91       	pop	r28
    1ed8:	1f 91       	pop	r17
    1eda:	0f 91       	pop	r16
    1edc:	08 95       	ret

00001ede <free>:
    1ede:	cf 93       	push	r28
    1ee0:	df 93       	push	r29
    1ee2:	00 97       	sbiw	r24, 0x00	; 0
    1ee4:	09 f4       	brne	.+2      	; 0x1ee8 <free+0xa>
    1ee6:	81 c0       	rjmp	.+258    	; 0x1fea <free+0x10c>
    1ee8:	fc 01       	movw	r30, r24
    1eea:	32 97       	sbiw	r30, 0x02	; 2
    1eec:	13 82       	std	Z+3, r1	; 0x03
    1eee:	12 82       	std	Z+2, r1	; 0x02
    1ef0:	a0 91 d6 02 	lds	r26, 0x02D6	; 0x8002d6 <__flp>
    1ef4:	b0 91 d7 02 	lds	r27, 0x02D7	; 0x8002d7 <__flp+0x1>
    1ef8:	10 97       	sbiw	r26, 0x00	; 0
    1efa:	81 f4       	brne	.+32     	; 0x1f1c <free+0x3e>
    1efc:	20 81       	ld	r18, Z
    1efe:	31 81       	ldd	r19, Z+1	; 0x01
    1f00:	82 0f       	add	r24, r18
    1f02:	93 1f       	adc	r25, r19
    1f04:	20 91 d4 02 	lds	r18, 0x02D4	; 0x8002d4 <__brkval>
    1f08:	30 91 d5 02 	lds	r19, 0x02D5	; 0x8002d5 <__brkval+0x1>
    1f0c:	28 17       	cp	r18, r24
    1f0e:	39 07       	cpc	r19, r25
    1f10:	51 f5       	brne	.+84     	; 0x1f66 <free+0x88>
    1f12:	f0 93 d5 02 	sts	0x02D5, r31	; 0x8002d5 <__brkval+0x1>
    1f16:	e0 93 d4 02 	sts	0x02D4, r30	; 0x8002d4 <__brkval>
    1f1a:	67 c0       	rjmp	.+206    	; 0x1fea <free+0x10c>
    1f1c:	ed 01       	movw	r28, r26
    1f1e:	20 e0       	ldi	r18, 0x00	; 0
    1f20:	30 e0       	ldi	r19, 0x00	; 0
    1f22:	ce 17       	cp	r28, r30
    1f24:	df 07       	cpc	r29, r31
    1f26:	40 f4       	brcc	.+16     	; 0x1f38 <free+0x5a>
    1f28:	4a 81       	ldd	r20, Y+2	; 0x02
    1f2a:	5b 81       	ldd	r21, Y+3	; 0x03
    1f2c:	9e 01       	movw	r18, r28
    1f2e:	41 15       	cp	r20, r1
    1f30:	51 05       	cpc	r21, r1
    1f32:	f1 f0       	breq	.+60     	; 0x1f70 <free+0x92>
    1f34:	ea 01       	movw	r28, r20
    1f36:	f5 cf       	rjmp	.-22     	; 0x1f22 <free+0x44>
    1f38:	d3 83       	std	Z+3, r29	; 0x03
    1f3a:	c2 83       	std	Z+2, r28	; 0x02
    1f3c:	40 81       	ld	r20, Z
    1f3e:	51 81       	ldd	r21, Z+1	; 0x01
    1f40:	84 0f       	add	r24, r20
    1f42:	95 1f       	adc	r25, r21
    1f44:	c8 17       	cp	r28, r24
    1f46:	d9 07       	cpc	r29, r25
    1f48:	59 f4       	brne	.+22     	; 0x1f60 <free+0x82>
    1f4a:	88 81       	ld	r24, Y
    1f4c:	99 81       	ldd	r25, Y+1	; 0x01
    1f4e:	84 0f       	add	r24, r20
    1f50:	95 1f       	adc	r25, r21
    1f52:	02 96       	adiw	r24, 0x02	; 2
    1f54:	91 83       	std	Z+1, r25	; 0x01
    1f56:	80 83       	st	Z, r24
    1f58:	8a 81       	ldd	r24, Y+2	; 0x02
    1f5a:	9b 81       	ldd	r25, Y+3	; 0x03
    1f5c:	93 83       	std	Z+3, r25	; 0x03
    1f5e:	82 83       	std	Z+2, r24	; 0x02
    1f60:	21 15       	cp	r18, r1
    1f62:	31 05       	cpc	r19, r1
    1f64:	29 f4       	brne	.+10     	; 0x1f70 <free+0x92>
    1f66:	f0 93 d7 02 	sts	0x02D7, r31	; 0x8002d7 <__flp+0x1>
    1f6a:	e0 93 d6 02 	sts	0x02D6, r30	; 0x8002d6 <__flp>
    1f6e:	3d c0       	rjmp	.+122    	; 0x1fea <free+0x10c>
    1f70:	e9 01       	movw	r28, r18
    1f72:	fb 83       	std	Y+3, r31	; 0x03
    1f74:	ea 83       	std	Y+2, r30	; 0x02
    1f76:	49 91       	ld	r20, Y+
    1f78:	59 91       	ld	r21, Y+
    1f7a:	c4 0f       	add	r28, r20
    1f7c:	d5 1f       	adc	r29, r21
    1f7e:	ec 17       	cp	r30, r28
    1f80:	fd 07       	cpc	r31, r29
    1f82:	61 f4       	brne	.+24     	; 0x1f9c <free+0xbe>
    1f84:	80 81       	ld	r24, Z
    1f86:	91 81       	ldd	r25, Z+1	; 0x01
    1f88:	84 0f       	add	r24, r20
    1f8a:	95 1f       	adc	r25, r21
    1f8c:	02 96       	adiw	r24, 0x02	; 2
    1f8e:	e9 01       	movw	r28, r18
    1f90:	99 83       	std	Y+1, r25	; 0x01
    1f92:	88 83       	st	Y, r24
    1f94:	82 81       	ldd	r24, Z+2	; 0x02
    1f96:	93 81       	ldd	r25, Z+3	; 0x03
    1f98:	9b 83       	std	Y+3, r25	; 0x03
    1f9a:	8a 83       	std	Y+2, r24	; 0x02
    1f9c:	e0 e0       	ldi	r30, 0x00	; 0
    1f9e:	f0 e0       	ldi	r31, 0x00	; 0
    1fa0:	12 96       	adiw	r26, 0x02	; 2
    1fa2:	8d 91       	ld	r24, X+
    1fa4:	9c 91       	ld	r25, X
    1fa6:	13 97       	sbiw	r26, 0x03	; 3
    1fa8:	00 97       	sbiw	r24, 0x00	; 0
    1faa:	19 f0       	breq	.+6      	; 0x1fb2 <free+0xd4>
    1fac:	fd 01       	movw	r30, r26
    1fae:	dc 01       	movw	r26, r24
    1fb0:	f7 cf       	rjmp	.-18     	; 0x1fa0 <free+0xc2>
    1fb2:	8d 91       	ld	r24, X+
    1fb4:	9c 91       	ld	r25, X
    1fb6:	11 97       	sbiw	r26, 0x01	; 1
    1fb8:	9d 01       	movw	r18, r26
    1fba:	2e 5f       	subi	r18, 0xFE	; 254
    1fbc:	3f 4f       	sbci	r19, 0xFF	; 255
    1fbe:	82 0f       	add	r24, r18
    1fc0:	93 1f       	adc	r25, r19
    1fc2:	20 91 d4 02 	lds	r18, 0x02D4	; 0x8002d4 <__brkval>
    1fc6:	30 91 d5 02 	lds	r19, 0x02D5	; 0x8002d5 <__brkval+0x1>
    1fca:	28 17       	cp	r18, r24
    1fcc:	39 07       	cpc	r19, r25
    1fce:	69 f4       	brne	.+26     	; 0x1fea <free+0x10c>
    1fd0:	30 97       	sbiw	r30, 0x00	; 0
    1fd2:	29 f4       	brne	.+10     	; 0x1fde <free+0x100>
    1fd4:	10 92 d7 02 	sts	0x02D7, r1	; 0x8002d7 <__flp+0x1>
    1fd8:	10 92 d6 02 	sts	0x02D6, r1	; 0x8002d6 <__flp>
    1fdc:	02 c0       	rjmp	.+4      	; 0x1fe2 <free+0x104>
    1fde:	13 82       	std	Z+3, r1	; 0x03
    1fe0:	12 82       	std	Z+2, r1	; 0x02
    1fe2:	b0 93 d5 02 	sts	0x02D5, r27	; 0x8002d5 <__brkval+0x1>
    1fe6:	a0 93 d4 02 	sts	0x02D4, r26	; 0x8002d4 <__brkval>
    1fea:	df 91       	pop	r29
    1fec:	cf 91       	pop	r28
    1fee:	08 95       	ret

00001ff0 <atexit_fini>:
    1ff0:	0e 94 62 00 	call	0xc4	; 0xc4 <atexit_finido>

00001ff4 <__do_global_dtors>:
    1ff4:	10 e0       	ldi	r17, 0x00	; 0
    1ff6:	c6 e3       	ldi	r28, 0x36	; 54
    1ff8:	d0 e0       	ldi	r29, 0x00	; 0
    1ffa:	04 c0       	rjmp	.+8      	; 0x2004 <__do_global_dtors+0x10>
    1ffc:	fe 01       	movw	r30, r28
    1ffe:	0e 94 d1 0e 	call	0x1da2	; 0x1da2 <__tablejump2__>
    2002:	21 96       	adiw	r28, 0x01	; 1
    2004:	c8 33       	cpi	r28, 0x38	; 56
    2006:	d1 07       	cpc	r29, r17
    2008:	c9 f7       	brne	.-14     	; 0x1ffc <__do_global_dtors+0x8>
    200a:	f8 94       	cli

0000200c <__stop_program>:
    200c:	ff cf       	rjmp	.-2      	; 0x200c <__stop_program>
